Workbook

Sheet #上陣
A1: UI參考
B6: HERO
B8: 兵員1(敵方) | C8: 兵員2(敵方) | D8: 兵員3(敵方) | E8: 兵員4(敵方) | F8: 兵員5(敵方)
B13: 兵員1(我方) | C13: 兵員2(我方) | D13: 兵員3(我方) | E13: 兵員4(我方) | F13: 兵員5(我方)
B14: HERO
A18: *依照敏捷依序進行攻擊；攻擊規則詳參基本說明
D62: 0.03 | E62: 12 | F62: =D62/E62 -> 0.0025 | G62: 30 | H62: =G62*F62 -> 0.075
D63: 0.22 | E63: 9 | F63: =D63/E63 -> 0.024444444 | G63: =H62/F63 -> 3.0681818 | H63: 10
D64: =1-D63-D62 -> 0.75 | E64: 10 | F64: =D64/E64 -> 0.075 | G64: =H62/F64 -> 1 | H64: 5

Sheet #基本說明
A1: 單詞規則說明
A2: 傷害公式 | B2: 傷害 = Self_Atk*Self_Atk / (Enemy_Def+Self_Atk) * (Skill_Self_SkillRate*Skill係數) * if(cri亂數決定是否爆擊true *criDamge[先定150%即可] )
A4: 帳號用
A5: S_HP | B5: 等於全體角色平均的血量；該值歸0將戰鬥失敗
A6: 戰法 | B6: 特殊技能；於回合開始時發動，自動狀態下可先進行預約；下回合如果SP符合則可施放
A7: 水晶物理防 | B7: 等於全體角色的平均防禦量；受到直接攻擊時視同水晶的物理防禦，進入戰鬥後不會收BUFF影響提升與降低
A8: 水晶魔法防 | B8: 等於全體角色的平均魔法防禦量；受到直接攻擊時視同水晶的物理防禦，進入戰鬥後不會收BUFF影響提升與降低
A11: 角色用
A12: HP | B12: 角色的HP數值(起始就全滿)，歸0時則死亡
A13: MP | B13: 角色的MP數值(起始就全滿)，需要足夠的MP量才可以施放skill1與skill2，每回合開始時自動恢復10%
A14: 普通攻擊 | B14: 一般攻擊；不消耗MP，並且如果無前方角色進行抵擋傷害時，直接傷害召喚水晶(防禦用召喚水晶為準)
A15: skill1 | B15: 將會消耗MP才能進行施放
A16: skill2 | B16: 將會消耗MP才能進行施放
A17: 移動位置 | B17: 如自身左右方沒有英雄時，可以換取位置，但會消耗一回合
A18: 重生 | B18: 所有的角色死亡都會自動依照回合數進行自動復活(HP全滿、MP全滿)
A19: 重生時間 | B19: 復活時hp與mp階滿
A22: 戰鬥用
A23: 勝利條件1=全部召喚角色死亡(小於等於0)
A24: 勝利條件2=召喚水晶HP死亡(小於等於0)
A25: SKILL中沒有填AP與AD細數時；不需要有特效，並且需要判定如有填入buff_id時則須增加該BUFF至角色身上
A26: 攻擊時；只要受擊的對方已死亡，該傷害將重新計算至召喚水晶(S_HP、水晶物理防、水晶魔法防規則)
A27: 可以把英雄 跟召喚水晶理解成前排與後排，前排的英雄可以抵擋傷害，當前排死亡時；所有遠本會打到前排的攻擊(所有5個位置都會)，都會打到後排的召喚水晶
A28: 死亡的英雄不再顯示於行動順序上；每個回合將重新排序
A29: 傷害溢出功能，當次的攻擊可以造成角色死亡時；該多餘的傷害需要直接傷害到水晶(傷害不變)
A30: 水晶直接攻擊 的 水晶直接傷害追加一個規則，就是必定造成傷害再追加100%(總共兩倍)
A31: 復活時不再透過角色hp來減少當下的s_hp
A32: element有互克關係；水剋火,火剋木,木剋水，剋制關係時造成的最終傷害增加+30%(水打火)、被剋制關係時火打水時造成的最終傷害-30%
A36: level
... A38: AGI = 起始AGI * (1 + level * 0.01) level = 0 時完全不縮放，維持原始數值
B41: 傷害(物理傷害) = Self_Atk*Self_Atk / (Enemy_Def+Self_Atk) * (Skill_Self_SkillRate*Skill係數) * if(cri亂數決定是否爆擊true * criDamge[最低150%依照後續追加] )
A44: ="(1)" -> (1)
A45: 攻擊傷害 = (Self_atk^2 / (Self_atk+enemy_def ))* Damage *IfCri
A46: ="(2)" -> (2)
A47: Damage = (1+self_damageIncrease + selfBuff_damageIncrease) * (1- enemy_damageReduce)*(1- enemyBuff_damageReduce)
A48: *戰鬥中有可能會有相對應的Buff被追加，self / enemy是帶入戰鬥時的基礎；有cuerrent要被加到1+與1- 的算式中
A49: *紅字可以直接透過slot結果帶入
A50: ="(3)" -> (3)
A51: 計算爆擊: (self_cri - enemy_criReduce ) 減後；計算爆擊率
A52: 爆擊時 : IfCri = 150% + (self_criDamage - enemy_criDamageReduce) ；()內值最小=0

Sheet #職業
O2: 指定 | P2: 攻擊數量 | Q2: 1 | R2: 2 | S2: 3 | T2: 4
P3: SSR | Q3: 4.8 | R3: 2.4 | S3: 1.6 | T3: 1.2
G4: 物理攻擊 | P4: SR | Q4: 3.8 | R4: 1.9 | S4: 1.25 | T4: 0.95
G5: 魔法攻擊 | P5: R | Q5: 3 | R5: 1.55 | S5: 1.05 | T5: 0.75
B6: R | C6: 劍士 | D6: 普攻 | E6: 110001 | J6: 劍豪
D7: 狂怒一擊 | E7: CD | F7: 對敵方1體造成3AD物攻的物理傷害，並40%附加暈眩 | J7: 狂戰士
D8: 全隊增加攻擊力 | E8: CD=2 | F8: 為全體附加攻擊上升 | J8: 神射手 | O8: 隨機 | P8: 攻擊數量 | Q8: 1 | R8: 2 | S8: 3 | T8: 4
J9: 刺客 | P9: SSR | Q9: 5 | R9: 2.5 | S9: 1.7 | T9: 1.25
C10: 戰士 | D10: 普攻 | E10: 110001 | J10: 魔導士 | P10: SR | Q10: 4 | R10: 2 | S10: 1.3 | T10: 1
D11: 重劍防禦 | E11: CD | F11: 對我方隨機2體附加3AD的護盾 | J11: 神官 | P11: R | Q11: 3.15 | R11: 1.65 | S11: 1.1 | T11: 0.8
D12: 全隊增加防禦力 | E12: CD=2 | F12: 為全體附加防禦上升
O13: 初始職業 | P13: 一階 | Q13: 二階 | R13: 三階 | S13: 四階
C14: 弓劍手 | D14: 普攻 | E14: 110001 | O14: 劍士 | Q14: 劍狂 | R14: 劍聖 | S14: 神劍使
D15: 全速攻擊 | E15: CD | F15: 對敵方2體造成1.65物攻的物理傷害，並為自身附加行動加快 | Q15: 聖戰神 | R15: 黑十字騎士 | S15: 聖痕征服者
D16: 全隊增加技能傷害 | E16: CD=2 | F16: 為全體附加技能傷害上升
O17: 戰士 | Q17: 戰將 | R17: 戰神 | S17: 不滅戰神
Q18: 重裝騎士 | R18: 鋼鐵騎士 | S18: 守護戰神
C19: 盜賊 | D19: 普攻 | E19: 110001
D20: 劇毒匕首 | E20: CD | F20: 對敵方1體造成3.1物攻的物理傷害，並附加中毒效果 | O20: 弓手 | Q20: 狙擊者 | R20: 天穹獵手 | S20: 星弦獵神
D21: 全隊增加爆擊率 | E21: CD=2 | F21: 全隊增加爆擊率上升 | Q21: 遊俠 | R21: 森林王 | S21: 萬獸獵王
C23: 魔法師 | D23: 普攻 | E23: 110011 | O23: 盜賊 | Q23: 影刃 | R23: 暗影宗師 | S23: 虛空刺客
D24: 全體點燃 | E24: CD | F24: 對敵方全體造成0.6魔攻的魔法傷害，並附加灼傷 | Q24: 遊蕩者 | R24: 暗夜獵手 | S24: 幻影宗師
D25: 全隊增加魔攻上升 | E25: CD=2 | F25: 全隊增加魔攻上升
O26: 法師 | Q26: 大魔導士 | R26: 賢者 | S26: 大賢者
Q27: 咒術師 | R27: 禁術師 | S27: 深淵術士
C28: 實習祭司 | D28: 普攻 | E28: 110011
D29: 治療 | E29: CD | F29: 對我方隨機2體3AP魔攻的HP恢復 | O29: 祭司 | Q29: 主教 | R29: 聖者 | S29: 聖女／聖王
D30: 全隊增加魔防 | E30: CD=2 | F30: 為全體附加魔防上升 | Q30: 戰鬥祭司 | R30: 神殿騎士 | S30: 聖裁者
C33: 神劍使 | D33: 迴旋打擊 | E33: 為隨機3名敵人造成<AD>的物理傷害 | O33: 劍士
D34: 天翔十字閃 | E34: 為敵方3名敵人造成<AD>物理傷害，並附加防禦下降2層 | O34: 戰士
D35: 人劍合一 | E35: 為所有#名刀附加攻擊+30%層爆率+20%，爆擊傷害+50% | O35: 弓劍手
O36: 盜賊
O37: 魔法師
O38: 實習祭司

Sheet #副本玩法
B3: 特性 | C3: 掉落機制 | D3: 掉落物 | L3: 回魔量
A4: 神格試煉 | B4: 出戰限制，隨機決定 | C4: 每場都有獎勵 | D4: 職業經驗 | E4: 轉職卷碎片 | F4: 悟性藥水(有機會獲得點數；累積制) | L4: 貫穿 | M4: 貫穿抵抗
A5: 試煉之塔 | B5: 爬塔 | C5: 每場都有獎勵 | D5: 抽卡卷 | L5: 治療量 | M5: 減療量 | N5: 恢復反轉
A6: 無限地城 | B6: 選等級；中間獲得增益到打過 | C6: 挑戰整輪,打完才有獎勵 | D6: 裝備 | E6: 武器碎片 | F6: 裝備洗鍊書 | G6: 強化石 | L6: 護盾量 | M6: 護盾量減少
A7: 殲滅任務 | B7: 多wave；要一次打過 | C7: 挑戰整輪,打完才有獎勵 | D7: 裝備 | E7: 武器碎片 | F7: 武器經驗 | G7: 寶石
A11: 帳號配點 | B11: 點數只要有固定的數字出現；會有新的個性出現
B13: int | C13: 魔攻 | D13: 技能傷害 | E13: 回魔量
B14: vit | C14: HP | D14: 防禦 | E14: 護盾量
B15: agi | C15: 技能傷害 | D15: 爆擊率 | E15: 行動值
B16: str | C16: 攻擊力 | D16: 爆傷害 | E16: 貫穿 | F16: 每1點抵銷受擊敵人的防禦1點
B17: dex | C17: 爆擊率 | D17: 爆傷害 | E17: 異常狀態抗性 | F17: ID 4000~5999的抗性機率，初始為0%
B18: spr | C18: 魔防 | D18: 魔攻 | E18: 治療量 | F18: 追加最終heal，起始為100%
A24: 起始開放 | B24: 武器轉蛋
B25: 職業
B26: 職業-天賦
A28: 主線關卡 / 帳號等級 | B28: ="1-10"&",15" -> 1-10,15 | C28: 武器升級
A29: 主線關卡 / 帳號等級 | B29: ="第一章結束"&",20" -> 第一章結束,20 | C29: 武器升星 | D29: 掛機系統
A30: 主線關卡 / 帳號等級 | B30: ="2-10"&",25" -> 2-10,25 | C30: 捕獲
A31: 主線關卡 / 帳號等級 | B31: ="第二章結束"&",30" -> 第二章結束,30 | C31: 副本-試煉之塔(推塔) | D31: 自動下一關開放
A32: 主線關卡 / 帳號等級 | B32: 46091 | C32: 神格試煉 | D32: 神格 | E32: 一般、普通、困難、惡夢(難度選擇；等級區間)
A33: 主線關卡 / 帳號等級 | B33: ="第三章結束"&",40" -> 第三章結束,40 | C33: 職業裝備 | D33: 無限地城(10~50自己切換)
A34: 主線關卡 / 帳號等級 | B34: ="第四章結束"&",50" -> 第四章結束,50 | C34: 轉職
A35: 主線關卡 / 帳號等級 | B35: ="5-10"&",2轉30" -> 5-10,2轉30 | C35: 魔法石
A36: 主線關卡 / 帳號等級 | B36: ="第5章結束"&",40" -> 第5章結束,40 | C36: 副本-殲滅任務(多wave)
A37: 主線關卡 / 帳號等級 | B37: ="第7章結束"&",50" -> 第7章結束,50 | C37: 無限地城(10~130自己切換) | D37: 無限地城(50~100自己切換)
B41: 主線(一般) | C41: 50鑽石
B42: 主線(BOSS節點) | C42: 1000鑽石
B43: 副本-試煉之塔(推塔)

Sheet #向性
S1: 星0 | T1: 星1 | U1: 星2 | V1: 星3 | W1: 星4 | X1: 星5 | Y1: 星6 | Z1: 星7 | AA1: 星8 | AB1: 星9 | AC1: 星10
H2: 3 | J2: 對象 | K2: 隨機 | L2: 攻擊係數 | S2: - | T2: ★ | U2: ★★ | V2: ★★★ | W2: ★★★★ | X2: ★★★★★ | Y2: ☆★★★★ | Z2: ☆☆★★★ | AA2: ☆☆☆★★ | AB2: ☆☆☆☆★ | AC2: ☆☆☆☆☆
A3: ="58,17,13,3,6,18" -> 58,17,13,3,6,18 | B3: #魔器 | C3: #魔法 | D3: #輸出 | E3: #毀天滅地 | F3: #元素狂襲 | G3: #灼熱 | H3: 火之迦具土神劍 | I3: SSR | J3: 2 | L3: 2.4 | M3: 業火一閃 | O3: 日本神話中，素盞鳴尊斬殺火神迦具土時所用的十拳劍（亦稱羽羽斬），本身便與烈火、神血及斬擊淬鍊息息相關。 | P3: *群體最強 | S3: 對隨機敵方2體造成<AP>魔攻的魔法傷害，並40%機率附加灼傷 | T3: 灼傷發動機率+10% | U3: 灼傷發動機率+20% | V3: 攻擊對象改為4體 | W3: 灼傷發動機率+30% | X3: 解除受擊者護盾效果 | Y3: 該武器基礎魔攻10% | Z3: 該武器基礎追加魔攻20% | AA3: 該武器額外技能傷害10% | AB3: 該武器額外技能傷害20%、爆擊率+10% | AC3: AGI提升5
G4: #神祇恩賜 | I4: SSR | J4: 5 | L4: 1 | M4: 炎帝降世 | N4: CD:7 | S4: 對敵方全體造成傷害，並附加灼傷效果 | T4: cd-1 | U4: 自身額外附加炎帝(2回合魔攻+30%) | V4: cd-1 | W4: cd-1 | X4: 自身額外附加極•炎帝(2回合魔攻+50%，技能傷害+10%)
A5: ="58,17,13,2,23,24" -> 58,17,13,2,23,24 | B5: #名刀 | C5: #魔法 | D5: #輸出 | E5: #致命一擊 | F5: #臨寒 | G5: #自然之怒 | H5: 童子切安綱 | I5: SSR | J5: 2 | K5: 1 | L5: 2.5 | M5: 除魔霜障 | O5: 日本天下五劍之一，傳說曾用來斬殺酒吞童子的傳世太刀。 | S5: 對隨機敵方2體造成<AP>魔攻的魔法傷害，並40%機率附加凍傷 | T5: 額外魔防下降1層 | U5: 凍傷發動機率+10% | V5: 攻擊對象改為3體 | W5: 額外50%機率冰凍 | X5: 冰凍機率增加30%，並且凍傷發動機率追加30% | Y5: 該武器基礎魔攻10% | Z5: 該武器基礎追加魔攻15% | AA5: 該武器額外技能傷害10% | AB5: 該武器額外技能傷害20%、爆擊率+10% | AC5: AGI提升5
I6: SSR | J6: 3 | L6: 1.6 | M6: 神酒破鬼陣 | N6: CD:8 | S6: 對敵方3體造成傷害，並附加魔防下降3層 | T6: cd-1 | U6: 對受擊者附加凍傷效果1層 | V6: cd-1 | W6: cd-1 | X6: 對受擊者附加凍傷效果改為3層
A7: ="58,14,8,25,26" -> 58,14,8,25,26 | B7: #名刀 | C7: #恢復 | D7: #生生不息 | E7: #巧奪天工 | F7: #神祇恩賜 | H7: 村雨 | I7: SSR | J7: -2 | L7: 2.4 | M7: 萬物洗淨 | O7: 日本傳說中刀身會自帶水氣、殺人後能如雨水般洗淨血跡的妖刀。 | P7: *最強補 | S7: 為我方2體恢復<AP>魔攻的HP | T7: 為受治療的對象附加防禦上升效果2層 | U7: 為治癒的對象解除灼傷1回合 | V7: 額外附加持續回魔效果 | W7: 攻擊對象改為4體 | X7: 清除對象的所有異常狀態 | Y7: 該武器基礎魔攻10% | Z7: 該武器基礎追加魔攻15% | AA7: 該武器額外減傷10% | AB7: 該武器額外減傷20%、爆擊抗性-10% | AC7: AGI提升5
I8: SSR | J8: -5 | L8: 1 | M8: 清泉怒濤 | N8: CD:6 | S8: 對我方全體恢復hp | T8: cd-1 | U8: 額外附加攻擊上升與魔攻上升效果2層 | V8: cd-1 | W8: cd-1 | X8: 額外附加技能傷害上升與爆擊上升效果
A9: ="57,12,13,1,2,3" -> 57,12,13,1,2,3 | B9: #寶器 | C9: #物理 | D9: #輸出 | E9: #致命一擊 | F9: #疾風迅雷 | G9: #橫掃千軍 | H9: 隆基努斯之槍 | I9: SSR | J9: 4 | K9: 1 | L9: 1.25 | M9: 防禦崩解 | O9: 纏繞著佛珠以鎮壓邪氣的傳奇名刀，同為日本天下五劍之一。 | S9: 對隨機敵方4體造成<AD>物攻的物理攻擊，附加防禦下降 | T9: 追加附加爆擊下降2層 | U9: 攻擊對象改為全體 | V9: 改物防與魔防下降一次兩層 | W9: 追加附加技能傷害下降2層 | X9: 清除對象的上升狀態 | Y9: 該武器基礎魔攻10% | Z9: 該武器基礎追加魔攻15% | AA9: 該武器額外技能傷害10% | AB9: 該武器額外技能傷害20%、爆擊率+10% | AC9: AGI提升5
I10: SSR | J10: 3 | L10: 1.6 | M10: 神罰裁決 | N10: CD:7 | S10: 對敵方3體造成傷害，自身附加行動加快 | T10: cd-1 | U10: 40%機率附加麻痺效果 | V10: cd-1 | W10: cd-1 | X10: 改成100%附加麻痺
A11: ="58,12,13,3,1,2" -> 58,12,13,3,1,2 | B11: #名刀 | C11: #物理 | D11: #輸出 | E11: #橫掃千軍 | F11: #疾風迅雷 | G11: #致命一擊 | H11: 村正 | I11: SSR | J11: 1 | K11: 1 | L11: 5 | M11: 極限斬擊 | O11: 日本戰國時期象徵妖刀、極致鋒利的代表名匠鍛造。 | S11: 對敵方隨機1體造成<AD>物攻的物理攻擊，附加自身爆擊上升 | T11: 附加爆擊抗性下降 | U11: 額外附加自身行動加快 | V11: 額外附加妖刀效果(爆擊率+50%) | W11: 對象改為敵方2體 | X11: 額外獲得妖刀●滅效果(爆擊傷害+50%) | Y11: 該武器基礎物攻10% | Z11: 該武器基礎物攻15% | AA11: 該武器額外技能傷害10% | AB11: 該武器額外技能傷害20%、爆擊率+10% | AC11: AGI提升5
I12: SSR | J12: 1 | L12: 4.8 | M12: 一刀流・破勢 | N12: CD:6 | S12: 對敵方1體，附加鬼人狀態(1回合爆擊+30%) | T12: cd-1 | U12: 對敵方1體，附加極意鬼人狀態(2回合爆擊+30%，爆擊傷害+40%) | V12: cd-1 | W12: cd-1 | X12: 對象改為敵方2體
A13: ="58,18,5,8,15" -> 58,18,5,8,15 | B13: #名刀 | C13: #魔法 | D13: #黑暗侵蝕 | E13: #毀天滅地 | F13: #神祇恩賜 | G13: #守護 | H13: 天叢雲劍 | I13: SSR | J13: -2 | K13: 1 | M13: 神威退魔 | O13: 日本神話中的三神器之一，自八岐大蛇尾部取得，常與暴風、雲霧及冰冷神域相伴。 | S13: 為我方2體隨機附加傷害分擔 | T13: 額外為自身附加持續恢復 | U13: 為自身附加減少受到傷害1曾 | V13: 對象改為3體 | W13: 減少受到傷害+1曾 | X13: 額外解除凍傷 | Y13: 該武器基礎物防10% | Z13: 該武器基礎物防15% | AA13: 該武器額外減傷10% | AB13: 該武器額外減傷20%、爆擊抗性-10% | AC13: AGI提升5
I14: SSR | J14: -5 | L14: 1 | M14: 鏡花身法 | N14: CD:6 | S14: 對我方全體附加魔法護盾 | T14: cd-1 | U14: 附加減少受到傷害1曾 | V14: cd-1 | W14: cd-1 | X14: 附加減少受到傷害3曾
A15: ="58,12,11,20,1" -> 58,12,11,20,1 | B15: #名刀 | C15: #物理 | D15: #苦難共擔 | E15: #弱體 | F15: #疾風迅雷 | H15: 干將莫邪 | I15: SSR | J15: 2 | L15: 2.5 | M15: 陰月靈鋒 | O15: 中國春秋時期著名的雌雄雙劍，象徵鑄劍工藝的極致。 | S15: 為我方2體附加附加自身<AD>物攻的護盾 | T15: 附加傷害分擔 | U15: 額外為自身附加行動加快 | V15: 額外追加為自身附加傷害反射效果 | W15: 額外附加魔防上升與防禦上升效果 | X15: 傷害分擔改為3體 | Y15: 該武器基礎魔防10% | Z15: 該武器基礎追加魔防15% | AA15: 該武器額外減傷10% | AB15: 該武器額外減傷20%、爆擊抗性-10% | AC15: AGI提升5
I16: SSR | J16: 2 | K16: 1 | L16: 2.5 | M16: 魂力獻祭 | N16: CD:8 | S16: 為敵方隨機2體造成傷害，附加爆擊下降 | T16: cd-1 | U16: 附加攻擊下降效果 | V16: cd-1 | W16: cd-1 | X16: 對象改為3體，並額外附加防禦下降與魔防下降
A17: ="59,18,13,5,9,17" -> 59,18,13,5,9,17 | B17: #聖物 | C17: #魔法 | D17: #輸出 | E17: #毀天滅地 | F17: #元素狂襲 | G17: #灼熱 | H17: 埃斯卡利巴 | I17: SSR | J17: 1 | L17: 4.8 | M17: 聖劍光輝 | O17: 象徵王者權威與正統的亞瑟王之劍。 | S17: 對敵方1體造成<AP>魔攻的魔法傷害，並50%機率灼傷 | T17: 額外自身附加魔攻上升 | U17: 灼傷機率追加至100% | V17: 對象改為2體 | W17: 追加為自身附加行動加快 | X17: 對象改為3體 | Y17: 該武器基礎魔攻10% | Z17: 該武器基礎追加魔攻15% | AA17: 該武器額外技能傷害10% | AB17: 該武器額外技能傷害20%、爆擊率+10% | AC17: AGI提升5
I18: SSR | J18: -5 | L18: 1 | M18: 誓約之火 | N18: CD:5 | S18: 對我方全體附加魔攻上升2層 | T18: cd-1 | U18: 額外追加附加AP護盾 | V18: cd-1 | W18: cd-1 | X18: 額外追加附加爆傷上升2層
A19: ="60,18,15,25,26" -> 60,18,15,25,26 | B19: #寶器 | C19: #魔法 | D19: #神聖庇護 | E19: #巧奪天工 | F19: #疾風迅雷 | G19: #神祇恩賜 | H19: 布都御魂 | I19: SSR | J19: 1 | L19: 4.8 | M19: 神威震嶽 | O19: 日本神話中武甕槌神平定葦原中國所使用、具有神威的傳說之劍。 | P19: *單體最強 | S19: 對敵方1體造成<AP>魔攻的魔法傷害；並為自身附加爆擊上升 | T19: 額外附加自身行動加快 | U19: 額外自身技能傷害上升 | V19: 額外自身附加爆傷上升 | W19: 對象改2人 | X19: 爆傷上升、傷害上升、爆擊上升改為2層) | Y19: 該武器基礎物攻10% | Z19: 該武器基礎物攻15% | AA19: 該武器額外技能傷害10% | AB19: 該武器額外技能傷害20%、爆擊率+10% | AC19: AGI提升5
I20: SSR | J20: 1 | K20: 1 | L20: 5 | M20: 震天雷霆斬 | N20: CD:4 | S20: 對敵方隨機1體造成3次，40%自身附加攻擊上升 | T20: cd-1 | U20: 任意攻擊改為4次 | V20: cd-1 | W20: cd-1 | X20: 任意攻擊改為6次
A21: ="61,18,5,9,20" -> 61,18,5,9,20 | B21: #魔器 | C21: #物理 | D21: #毀天滅地 | E21: #元素狂襲 | F21: #黑暗侵蝕 | G21: #弱體 | H21: 提爾鋒 | I21: SSR | J21: 1 | L21: 4.8 | M21: 血祭詛咒 | O21: 北歐神話中出鞘必見血、帶來死亡詛咒的魔劍。 | S21: 對敵方1體造成<AD>物攻的物理傷害，造成40%裂傷 | T21: 額外40%附加中毒 | U21: 額外40%附加灼傷 | V21: 額外40%附加凍傷 | W21: 弱化附加機率追加至50% | X21: 弱化附加機率追加至80% | Y21: 該武器基礎物攻10% | Z21: 該武器基礎物攻15% | AA21: 該武器額外技能傷害10% | AB21: 該武器額外技能傷害20%、爆擊率+10% | AC21: AGI提升5
I22: SSR | J22: 1 | K22: 1 | L22: 5 | M22: 噬魂開鋒 | N22: CD:5 | S22: 對敵方1體隨機<AD>，額外40%附加停止 | T22: cd-1 | U22: 額外40%附加暈眩 | V22: cd-1 | W22: cd-1 | X22: 對象改2人，額外40%附加麻痺
A23: ="59,12,15,10,22" -> 59,12,15,10,22 | B23: #聖物 | C23: #物理 | D23: #守護 | E23: #銅牆鐵壁 | F23: #神聖庇護 | G23: #起死回生 | H23: 真十字架 | I23: SSR | J23: -2 | L23: 2.4 | M23: 神聖庇護 | O23: 基督教信仰中耶穌受難時所釘十字架的殘片。 | P23: *最強坦 | S23: 對我2體<AD>物攻的護盾，自身死亡後3回合將自動重生 | T23: 為護盾對象附加持續回魔 | U23: 額外附加受護衛效果 | V23: 額外附加真言效果(魔攻、物攻50%、1回) | W23: 對象改為3體 | X23: 額外附加真理效果(技能傷害10%、2回) | Y23: 該武器基礎物防10% | Z23: 該武器基礎追加物防15% | AA23: 該武器額外減傷10% | AB23: 該武器額外減傷20%、爆擊抗性-10% | AC23: AGI提升5
I24: SSR | J24: 1 | L24: 4.8 | M24: 聖光衝擊 | N24: CD:6 | S24: 對敵方1體，造成40%暈眩 | T24: cd-1 | U24: 為自身附加持續回魔與持續恢復效果 | V24: cd-1 | W24: cd-1 | X24: 改成100%附加暈眩
A25: ="60,14,15,22,8" -> 60,14,15,22,8 | B25: #寶器 | C25: #恢復 | D25: #神聖庇護 | E25: #起死回生 | F25: #生生不息 | G25: #靈能壁壘 | H25: 阿斯卡隆 | I25: SSR | J25: -2 | K25: 1 | L25: 2.5 | M25: 龍血洗禮 | O25: 聖喬治斬龍時所使用的神聖寶劍。 | S25: 對我方隨機2體恢復<AP>魔攻的hp，30%機率附加聖護(減傷+20% 1回) | T25: 額外恢復對象mp50 | U25: 對象改為3體 | V25: 追加40%聖光(技能傷害抵抗50% 1回) | W25: 對象改為4體 | X25: 額外機率改為50%追加聖護、聖光、聖斬效果(爆擊率+100% 1回合) | Y25: 該武器基礎魔攻10% | Z25: 該武器基礎追加魔攻15% | AA25: 該武器額外技能傷害10% | AB25: 該武器額外技能傷害20%、爆擊率+10% | AC25: AGI提升5
I26: SSR | J26: -1 | L26: 4.8 | M26: 英雄意志 | N26: CD:7 | S26: 對我方1體hp，追加立即恢復對象mp150 | T26: cd-1 | U26: 追加30%不屈(減少受到傷害10%，爆擊傷害抵抗50% 1回) | V26: cd-1 | W26: cd-1 | X26: 對象改為2名，立即追加現在血量對象50%的現在hp
A29: ="61,18,19,5,9,7" -> 61,18,19,5,9,7 | B29: #魔器 | C29: #魔法 | D29: #黑暗侵蝕 | E29: #毀天滅地 | F29: #元素狂襲 | H29: 潘朵拉的魔盒 | O29: 釋放世間災禍與痛苦的禁忌器物。
A30: ="59,12,15,10,23,11" -> 59,12,15,10,23,11 | B30: #聖物 | C30: #物理 | D30: #守護 | E30: #銅牆鐵壁 | F30: #靈能壁壘 | G30: #苦難共擔 | H30: 尼米安之皮 | O30: 基督教傳說中刺穿耶穌基督側腹的聖槍。
A31: ="60,18,15,22,25,26" -> 60,18,15,22,25,26 | B31: #寶器 | C31: #魔法 | D31: #守護 | E31: #神聖庇護 | F31: #巧奪天工 | G31: #神祇恩賜 | H31: 八尺瓊勾玉 | O31: 希臘神話中刀槍不入的獅皮防具。
A32: ="62,18,24,9,25,26" -> 62,18,24,9,25,26 | B32: #法器 | C32: #魔法 | D32: #自然之怒 | E32: #元素狂襲 | F32: #巧奪天工 | G32: #神祇恩賜 | H32: 五行鏡 | O32: 日本神話中的三神器之一，象徵「仁」，為古老而神聖的勾玉寶器。
A33: ="61,18,9,7,25" -> 61,18,9,7,25 | B33: #魔器 | C33: #魔法 | D33: #元素狂襲 | E33: #巧奪天工 | H33: 所羅門之鑰 | O33: 東方道法中用以觀照靈體、破除幻境的鏡類法器。 | U33: 額外附加治療反轉
A34: ="59,12,15,22,10,25" -> 59,12,15,22,10,25 | B34: #聖物 | C34: #物理 | D34: #守護 | E34: #神聖庇護 | F34: #銅牆鐵壁 | G34: #巧奪天工 | H34: 降魔杵 | O34: 凱爾特神話中太陽神的光之貫穿之槍。
A35: ="58,12,15,10,20" -> 58,12,15,10,20 | B35: #名刀 | C35: #物理 | D35: #弱體 | H35: 數珠丸恆次 | O35: 象徵至高權能與驅使靈體之力的祈福寶器。
A36: ="60,18,13,5,21,9" -> 60,18,13,5,21,9 | B36: #寶器 | C36: #魔法 | D36: #輸出 | E36: #毀天滅地 | F36: #元素狂襲 | H36: 布里歐納克 | O36: 佛教密宗中用以摧毀煩惱、鎮伏妖魔的金剛法器。
H38: 27
B39: SR | C39: 級武器清單
A40: ="56,16,13,2,1" -> 56,16,13,2,1 | C40: #名刀 | D40: #物理 | E40: #輸出 | F40: #致命一擊 | G40: #疾風迅雷 | H40: 鬼丸國綱 | I40: SR | J40: 2 | L40: 1.9 | M40: 降伏之刃 | S40: 對敵方2體造成<AD>物攻的物理傷害60%額外附加自身行動加快 | T40: MP-3 | U40: MP-3 | V40: 機率追加40% | W40: MP-3 | X40: 額外為自身附加爆擊上升
I41: SR | J41: 1 | L41: 3.8 | M41: 夢魔潰散 | N41: CD:9 | S41: 對敵方1體造稱傷害並附加潰魔(降30%魔防) | T41: cd-1 | U41: cd-1 | V41: cd-1 | W41: cd-1 | X41: 額外附加防禦下降2層
A42: ="56,16,13,4,52" -> 56,16,13,4,52 | C42: #名刀 | D42: #物理 | E42: #輸出 | F42: #橫掃千軍 | G42: #神聖庇護 | H42: 阿隆戴特 | I42: SR | J42: 3 | L42: 1.25 | M42: 漣漪斬 | S42: 對3個敵方造成物理傷害並40%機率附加自身攻擊上升 | T42: MP-3 | U42: MP-3 | V42: 機率追加50% | W42: MP-3 | X42: 對象改為4個敵人
I43: SR | J43: 3 | K43: 1 | L43: 1.3 | M43: 急流連刺 | N43: CD:8 | S43: 對敵方3體隨機造成物理傷害並附加潰防(潰防；降30%物禦) | T43: cd-1 | U43: cd-1 | V43: cd-1 | W43: cd-1 | X43: 額外為自身附加攻擊上升
A44: ="58,17,15,51,10" -> 58,17,15,51,10 | C44: #魔器 | D44: #魔法 | E44: #守護 | F44: #黑暗侵蝕 | G44: #靈能壁壘 | H44: 哈迪斯之盔 | I44: SR | J44: -2 | L44: 1.9 | M44: 鬼魅之護 | S44: 對我方2體恢復<AP>魔攻的HP，並附加護盾 | T44: MP-3 | U44: MP-3 | V44: 額外附加受到傷害減少效果 | W44: MP-3 | X44: 對象改為3人
I45: SR | J45: 2 | L45: 1.9 | M45: 冥府威壓 | N45: CD:9 | S45: 為敵方2體造成物理傷害，並30%機率附加暈眩 | T45: cd-1 | U45: cd-1 | V45: cd-1 | W45: cd-1 | X45: 機率追加50%
A46: ="58,17,51,20" -> 58,17,51,20 | C46: #魔器 | D46: #魔法 | E46: #黑暗侵蝕 | F46: #弱體 | H46: 封印之書 | I46: SR | J46: 3 | K46: 1 | L46: 1.3 | M46: 混沌光束 | S46: 為敵方隨機3體造成<AP>魔攻的魔法傷害 | T46: MP-3 | U46: MP-3 | V46: 額外附加魔防下降效果 | W46: MP-3 | X46: 額外附加增加受到傷害
I47: SR | J47: 2 | K47: 1 | L47: 2 | M47: 魔障封印 | N47: CD:7 | S47: 為敵方隨機2體造成魔法傷害，40%機率為自身附加技能傷害上升 | T47: cd-1 | U47: cd-1 | V47: cd-1 | W47: cd-1 | X47: 機率追加60%
A48: ="57,17,15,52,10" -> 57,17,15,52,10 | C48: #寶器 | D48: #魔法 | E48: #守護 | F48: #神聖庇護 | G48: #靈能壁壘 | H48: 永恆聖鏡 | I48: SR | J48: -1 | K48: 1 | L48: 3.8 | M48: 光華折射 | S48: 對我方隨機恢復<AP>魔攻；並額外附加防禦上升效果 | T48: MP-3 | U48: MP-3 | V48: 防禦上升效果追加1層 | W48: MP-3 | X48: 額外附加傷害反射效果
I49: SR | J49: -2 | L49: 1.9 | M49: 永恆映照 | N49: CD:8 | S49: 為我方2體恢復HP，傷害反射 | T49: cd-1 | U49: cd-1 | V49: cd-1 | W49: cd-1 | X49: 並額外恢復MP50
A50: ="57,17,13,18,53" -> 57,17,13,18,53 | C50: #寶器 | D50: #魔法 | E50: #輸出 | F50: #灼熱 | G50: #自然之怒 | H50: 熔岩之鼎 | I50: SR | J50: 2 | K50: 1 | L50: 2 | M50: 熾熱沸騰 | S50: 對敵方隨機2體造成<AP>魔攻的魔法傷害，並30%灼傷 | T50: MP-3 | U50: MP-3 | V50: 機率追加50% | W50: MP-3 | X50: 對象改為3人
I51: SR | J51: 2 | K51: 1 | L51: 2 | M51: 熔岩流淌 | N51: CD:7 | S51: 對敵方隨機2體造成魔法傷害，30%灼傷 | T51: cd-1 | U51: cd-1 | V51: cd-1 | W51: cd-1 | X51: 機率追加60%
A52: ="57,17,13,6,6" -> 57,17,13,6,6 | C52: #寶器 | D52: #魔法 | E52: #輸出 | F52: #雷霆萬鈞 | G52: #元素狂襲 | H52: 布里歐納克 | I52: SR | J52: 3 | K52: 1 | L52: 1.3 | M52: 閃光折躍 | S52: 為敵方隨機3體造成<AP>魔攻的魔法傷害，40%機率為自身附加技能傷害上升 | T52: MP-3 | U52: MP-3 | V52: 機率追加50% | W52: MP-3 | X52: 額外為自身附加魔攻上升效果
I53: SR | J53: 2 | L53: 1.9 | M53: 轟天衝擊 | N53: CD:9 | S53: 為敵方2體造成傷害，並30%機率附加麻痺 | T53: cd-1 | U53: cd-1 | V53: cd-1 | W53: cd-1 | X53: 機率追加40%
A54: ="59,17,15,20,9" -> 59,17,15,20,9 | C54: #聖物 | D54: #魔法 | E54: #守護 | F54: #弱體 | G54: #銅牆鐵壁 | H54: 美杜莎之盾 | I54: SR | J54: 1 | K54: 1 | L54: 4 | M54: 死亡凝視 | S54: 為敵方隨機1體造成<AP>魔攻的魔法傷害；並40%附加停止 | T54: MP-3 | U54: MP-3 | V54: 機率追加50% | W54: MP-3 | X54: 對象追加至2人
I55: SR | J55: 3 | K55: 1 | L55: 0.02 | M55: 邪眼顯現 | N55: CD:11 | S55: 為敵方隨機3體造成減少MP的傷害 | T55: cd-1 | U55: cd-1 | V55: cd-1 | W55: cd-1 | X55: 並額外附加爆害抵抗下降、附加技能抵抗下降
A56: ="58,16,13,51,4" -> 58,16,13,51,4 | C56: #魔器 | D56: #物理 | E56: #輸出 | F56: #黑暗侵蝕 | G56: #橫掃千軍 | H56: 赫格尼之劍 | I56: SR | J56: 4 | K56: 1 | L56: 1 | M56: 破盾之刃 | S56: 為敵方隨機4體造成<AD>物攻的物理傷害，並50%機率去除護盾 | T56: MP-3 | U56: MP-3 | V56: 機率追加40% | W56: MP-3 | X56: 額外附加防禦下降效果
I57: SR | J57: 2 | K57: 1 | L57: 2 | M57: 破魂斬 | N57: CD:10 | S57: 為敵方隨機2體造成傷害，並60%防禦與魔法下降 | T57: cd-1 | U57: cd-1 | V57: cd-1 | W57: cd-1 | X57: 對象改為3人
T58: MP-3 | U58: MP-3
C59: #名刀 | D59: #魔法 | E59: #輸出 | F59: #毀天滅地 | G59: #元素狂襲 | H59: 格拉墨碎片 | T59: cd-1 | U59: cd-1
C60: #聖物 | D60: #物理 | E60: #守護 | F60: #神聖庇護 | G60: #銅牆鐵壁 | H60: 布倫希爾德之盾 | T60: MP-3 | U60: MP-3
C61: #法器 | D61: #魔法 | E61: #恢復 | F61: #起死回生 | G61: #生生不息 | H61: 阿斯克勒庇俄斯之杖 | T61: cd-1 | U61: cd-1
C62: #名刀 | D62: #魔法 | E62: #輸出 | F62: #元素狂襲 | G62: #致命一擊 | H62: 巴魯蒙格 | T62: MP-3 | U62: MP-3
C63: #寶器 | D63: #物理 | E63: #輸出 | F63: #疾風迅雷 | G63: #自然之怒 | H63: 黛安娜的月弓 | T63: cd-1 | U63: cd-1
C64: #寶器 | D64: #物理 | E64: #輸出 | F64: #灼熱 | G64: #巧奪天工 | H64: 赫菲斯托斯之錘 | T64: MP-3 | U64: MP-3
C65: #魔器 | D65: #魔法 | E65: #弱體 | F65: #雷霆萬鈞 | G65: #靈能爆發 | H65: 諸神黃昏號角 | T65: cd-1 | U65: cd-1
C66: #寶器 | D66: #魔法 | E66: #神聖庇護 | F66: #元素狂襲 | G66: #靈能爆發 | H66: 荷魯斯之眼 | T66: MP-3 | U66: MP-3
C67: #寶器 | D67: #物理 | E67: #輸出 | F67: #疾風迅雷 | G67: #自然之怒 | H67: 阿爾忒彌斯之矢 | T67: cd-1 | U67: cd-1
H68: 70 | T68: MP-3
B69: R | C69: 級武器清單 | T69: cd-1
A70: ="16,13,4" -> 16,13,4 | C70: #物理 | D70: #輸出 | E70: #橫掃千軍 | H70: 堅鐵長矛 | I70: R | J70: 2 | L70: 1.55 | M70: 重擲穿刺 | S70: 為敵方2體造成<AD>物攻的物理傷害，並50%附加防禦下降 | T70: MP-3 | U70: MP-3 | V70: 附加下降追加50% | W70: MP-3 | X70: 對象改為3人
I71: R | J71: 1 | L71: 3 | M71: 貫穿刺擊 | N71: CD:9 | S71: 對敵方1體造成傷害，並50%為自身附加爆擊上升 | T71: cd-1 | U71: cd-1 | V71: cd-1 | W71: cd-1 | X71: cd-1
A72: ="16,13,2" -> 16,13,2 | C72: #物理 | D72: #輸出 | E72: #致命一擊 | H72: 尖刺短刀 | I72: R | J72: 2 | L72: 1.55 | M72: 尖刺突落 | S72: 為敵方2體造成<AD>物攻的物理傷害，並25%機率附加裂傷 | T72: MP-3 | U72: MP-3 | V72: 附加機率追加30% | W72: MP-3 | X72: 附加潰防(潰防；降30%物禦)
I73: R | J73: 5 | L73: 0.6 | M73: 毒棘之吻 | N73: CD:12 | S73: 為敵方全體造成傷害，機率附加35%中毒 | T73: cd-1 | U73: cd-1 | V73: cd-1 | W73: cd-1 | X73: cd-1
A74: ="61,17,6" -> 61,17,6 | C74: #法器 | D74: #魔法 | E74: #元素狂襲 | H74: 學徒法杖 | I74: R | J74: 1 | L74: 3 | M74: 火球術 | S74: 對敵方1體造成<AP>魔攻的魔法傷害，並25%附加灼傷 | T74: MP-3 | U74: MP-3 | V74: 附加機率追加30% | W74: MP-3 | X74: 對象改為2人
I75: R | J75: 2 | L75: 1.55 | M75: 冰凍術 | N75: CD:8 | S75: 對敵方2體造成傷害，並25%附加凍傷 | T75: cd-1 | U75: cd-1 | V75: cd-1 | W75: cd-1 | X75: cd-1
A76: ="58,17,20,14,53" -> 58,17,20,14,53 | C76: #魔器 | D76: #魔法 | E76: #弱體 | F76: #恢復 | G76: #自然之怒 | H76: 枯木魔杖 | I76: R | J76: 2 | K76: 1 | L76: 1.65 | M76: 枯朽之根 | S76: 對敵方隨機2體造成<AP>魔攻的魔法傷害，並25%附加麻痺 | T76: MP-3 | U76: MP-3 | V76: 附加機率追加30% | W76: MP-3 | X76: 附加魔防下降
I77: R | J77: -2 | L77: 1.55 | M77: 恢復魔法 | N77: CD:8 | S77: 為我方2體恢復HP | T77: cd-1 | U77: cd-1 | V77: cd-1 | W77: cd-1 | X77: cd-1
A78: ="59,16,15,9,11" -> 59,16,15,9,11 | C78: #聖物 | D78: #物理 | E78: #守護 | F78: #銅牆鐵壁 | G78: #苦難共擔 | H78: 十字堅盾 | I78: R | J78: -2 | K78: 1 | M78: 堅盾破甲 | S78: 為我方隨機2體附加傷害分擔 | T78: MP-3 | U78: MP-3 | V78: 額外附加防禦上升 | W78: MP-3 | X78: 對象改為3人
I79: R | J79: 5 | L79: 0.6 | M79: 堅不可摧 | N79: CD:10 | S79: 為我防全體附加防禦上升2層 | T79: cd-1 | U79: cd-1 | V79: cd-1 | W79: cd-1 | X79: cd-1
A80: ="16,13,1" -> 16,13,1 | C80: #物理 | D80: #輸出 | E80: #疾風迅雷 | H80: 獵人之弓 | I80: R | J80: 1 | L80: 3 | M80: 弱點貫穿 | S80: 為敵方1體造成<AD>物攻的物理傷害；並40%為自身爆擊上升 | T80: MP-3 | U80: MP-3 | V80: 單次爆擊上升附加兩層 | W80: MP-3 | X80: 對象改為2人
I81: R | J81: 1 | L81: 3 | M81: 集中一擊 | N81: CD:8 | S81: 為敵方1體造成傷害；並40%為自身附加爆擊傷害上升 | T81: cd-1 | U81: cd-1 | V81: cd-1 | W81: cd-1 | X81: cd-1
A82: ="60,17,14,8" -> 60,17,14,8 | C82: #幻具 | D82: #魔法 | E82: #恢復 | F82: #生生不息 | H82: 修行者法球 | I82: R | J82: -2 | K82: 1 | L82: 1.65 | M82: 定氣神閒 | S82: 為我方隨機兩體恢復<AP>魔攻的HP | T82: MP-3 | U82: MP-3 | V82: 額外追加40%移除所有下降效果 | W82: MP-3 | X82: 對象改為3人
I83: R | J83: -2 | L83: 1.55 | M83: 精神恢復 | N83: CD:11 | S83: 為我方2體恢復MP80 | T83: cd-1 | U83: cd-1 | V83: cd-1 | W83: cd-1 | X83: cd-1
A84: ="60,16,20" -> 60,16,20 | C84: #幻具 | D84: #物理 | E84: #弱體 | H84: 迴旋鏈刃 | I84: R | J84: 2 | K84: 1 | L84: 1.65 | M84: 雙重切削 | S84: 為敵方2體造成<AD>物攻的物理傷害，並25%附加裂傷 | T84: MP-3 | U84: MP-3 | V84: 附加機率追加30% | W84: MP-3 | X84: 額外附加防禦上升
I85: R | J85: 1 | K85: 1 | L85: 3.15 | M85: 連鎖突進 | N85: CD:8 | S85: 為敵方隨機1體進行2次攻擊 | T85: cd-1 | U85: cd-1 | V85: cd-1 | W85: cd-1 | X85: cd-1
A86: ="58,17,15,10" -> 58,17,15,10 | C86: #魔器 | D86: #魔法 | E86: #守護 | F86: #靈能壁壘 | H86: 晨星鎚 | I86: R | J86: 4 | K86: 1 | L86: 0.75 | M86: 魔盾碎裂 | S86: 為敵方4體造成<AP>魔攻的魔法傷害，並25%附加魔防下降 | T86: MP-3 | U86: MP-3 | V86: 附加機率追加50% | W86: MP-3 | X86: 額外附加潰魔(降30%魔防)
I87: R | J87: -2 | K87: 1 | L87: 1.55 | M87: 風暴護障 | N87: CD:9 | S87: 為隨機我方2體恢復HP，並附加魔坊上升 | T87: cd-1 | U87: cd-1 | V87: cd-1 | W87: cd-1 | X87: cd-1
A88: ="16,2,1" -> 16,2,1 | C88: #物理 | D88: #致命一擊 | E88: #疾風迅雷 | H88: 戰鬥者長劍 | I88: R | J88: 3 | K88: 1 | L88: 1.05 | M88: 壓制戰技 | S88: 為隨機敵方3體造成<AD>物攻的物理傷害，並25%附加裂傷 | T88: MP-3 | U88: MP-3 | V88: 附加機率追加40% | W88: MP-3 | X88: 額外追加爆擊上升
I89: R | J89: -1 | L89: 3 | M89: 閃擊劍舞 | N89: CD:10 | S89: 25%附加自身行動加快 | T89: cd-1 | U89: cd-1 | V89: cd-1 | W89: cd-1 | X89: cd-1
C92: 指定 | D92: 攻擊數量 | E92: 1 | F92: 2 | G92: 3 | H92: 4 | I92: 5
D93: SSR | E93: 4.8 | F93: 2.4 | G93: 1.6 | H93: 1.2 | I93: 1
D94: SR | E94: 3.8 | F94: 1.9 | G94: 1.25 | H94: 0.95 | I94: 0.75
D95: R | E95: 3 | F95: 1.55 | G95: 1.05 | H95: 0.75 | I95: 0.6
C98: 隨機 | D98: 攻擊數量 | E98: 1 | F98: 2 | G98: 3 | H98: 4
D99: SSR | E99: 5 | F99: 2.5 | G99: 1.7 | H99: 1.25 | I99: 1.1
D100: SR | E100: 4 | F100: 2 | G100: 1.3 | H100: 1 | I100: 0.85
D101: R | E101: 3.15 | F101: 1.65 | G101: 1.1 | H101: 0.8 | I101: 0.65
B108: 布裝 | C108: 絲質布衣 | D108: R
B109: 布裝 | C109: 琉光布裝 | D109: SR
B110: 布裝 | C110: 翠影流雲 | D110: SR
B111: 布裝 | C111: 暗月星辰長袍 | D111: SSR
B112: 皮裝 | C112: 狼形皮衣 | D112: R
B113: 皮裝 | C113: 赤焰皮裝 | D113: SR
...

Sheet #lock

Sheet character
A1: tpye | B1: limite | C1: HP | D1: ATK | E1: MATK | F1: DEF | G1: MDEF | H1: CRI | I1: MP | J1: cri_resist | K1: AGI | L1: damage_reflect | M1: cri_damage | N1: cri_damage_resist | O1: skill_rate | P1: skill_resist | Q1: damage_increase | R1: damage_reduce | S1: mp_recove | T1: shield_rate | U1: permeate | V1: atypical_rate | W1: heal_rate
A2: int | B2: 99 | E2: 2 | O2: 0.002 | S2: 0.003
A3: vit | B3: 99 | C3: 20 | F3: 3 | T3: 0.005
A4: agi | B4: 99 | H4: 0.002 | O4: 0.004 | Q4: 0.0005
A5: str | B5: 99 | D5: 2 | Q5: 0.00025 | U5: 2
A6: dex | B6: 99 | D6: 1 | H6: 0.001 | V6: 0.0001
A7: spr | B7: 99 | E7: 1 | G7: 3 | W7: 0.004

Sheet nature
A1: nature_info | B1: int | C1: vit | D1: agi | E1: str | F1: dex | G1: spr | H1: buff_id
A2: #深思熟慮 | B2: 99 | H2: 9900
A3: #壯如巨樹 | C3: 99 | H3: =H2+1 -> 9901
A4: #高速移動 | D4: 99 | H4: =H3+1 -> 9902
A5: #力大無窮 | E5: 99 | H5: =H4+1 -> 9903
A6: #彈無虛發 | F6: 99 | H6: =H5+1 -> 9904
A7: #無限精神 | G7: 99 | H7: =H6+1 -> 9905
A8: #領悟 | B8: 20 | H8: =H7+1 -> 9906
A9: #強壯 | C9: 20 | H9: =H8+1 -> 9907
A10: #速度 | D10: 20 | H10: =H9+1 -> 9908
A11: #力量 | E11: 20 | H11: =H10+1 -> 9909
A12: #精確 | F12: 20 | H12: =H11+1 -> 9910
A13: #精神 | G13: 20 | H13: =H12+1 -> 9911
A14: #宮廷的法師 | B14: 69 | G14: 69 | H14: =H13+1 -> 9912
A15: #極意攻勢 | E15: 69 | F15: 69 | H15: =H14+1 -> 9913
A16: #防禦怪獸 | C16: 69 | G16: 69 | H16: =H15+1 -> 9914
A17: #又快又準 | D17: 99 | F17: 49 | H17: =H16+1 -> 9915

Sheet skill
A2: skill_id | B2: 技能名稱 | C2: 攻擊對象數量 | D2: 是否為隨機 | E2: 是否自身施放 | F2: 攻擊次數 | G2: AD(技能係數) | H2: AP(技能係數) | I2: AGI | J2: current_hp | K2: cooldown | L2: isrole | M2: type | N2: MP_cost | O2: MP_revocer | P2: self_add_buff_id | Q2: self_buff_rate_overwrite | R2: add_buff_id | S2: add_buff_rate_overwrite | T2: remove_buff_id | U2: remove_buff_rate_overwrite | V2: isMpDamage | W2: prefeb_atk | X2: prefeb_hit1 | Y2: prefeb_hit2 | Z2: 說明
A3: 110000 | B3: 黑暗契約 | C3: 1 | F3: 1 | Z3: 消耗一張"暗黑契約卷"對敵方1體進行契約，如契約成功戰鬥勝利新增至武器清單中。
A4: 110001 | B4: 物理攻擊 | C4: 1 | F4: 1 | G4: 1.9 | M4: phycial | Y4: slash | Z4: 對敵方造成<AD>的物理傷害
A5: 110002 | B5: 物理2體攻擊 | C5: 2 | D5: 1 | F5: 1 | G5: 0.9 | M5: phycial | Y5: slash | Z5: 對隨機2名敵方造成<AD>的物理傷害
A6: 110003 | B6: 物理群體攻擊 | C6: 3 | D6: 1 | F6: 1 | G6: 0.8 | M6: phycial | Y6: slash | Z6: 對隨機3名敵方造成<AD>的物理傷害
A7: 110004 | B7: 迴旋打擊 | C7: 3 | D7: 1 | G7: 1.7 | M7: phycial | Y7: slash | Z7: 為隨機3名敵人造成<AD>的物理傷害
A8: 110011 | B8: 魔法攻擊 | C8: 1 | F8: 1 | H8: 2.1 | M8: magic | W8: magic_throw | Y8: explode | Z8: 對敵方敵方造成<AP>的魔法傷害
A9: 110012 | B9: 魔法2體攻擊 | C9: 2 | D9: 1 | F9: 1 | H9: 1.2 | M9: magic | W9: magic_throw | Y9: explode | Z9: 對隨機2名敵方造成<AP>的魔法傷害
A10: 110013 | B10: 魔法群體攻擊 | C10: 3 | D10: 1 | F10: 1 | H10: 0.8 | M10: magic | W10: magic_throw | Y10: explode | Z10: 對隨機3名敵方造成<AP>的魔法傷害
A12: skill_id | B12: 技能名稱 | C12: 攻擊對象數量 | D12: 是否為隨機 | E12: 是否自身施放 | F12: 攻擊次數 | G12: AD(技能係數) | H12: AP(技能係數) | I12: AGI | J12: current_hp | K12: cooldown | L12: isrole | M12: type | N12: MP_cost | O12: MP_revocer | P12: self_add_buff_id | Q12: self_buff_rate_overwrite | R12: add_buff_id | S12: add_buff_rate_overwrite | T12: remove_buff_id | U12: remove_buff_rate_overwrite | V12: isMpDamage | W12: prefeb_atk | X12: prefeb_hit1 | Y12: prefeb_hit2 | Z12: 說明
A13: 210001 | B13: 業火一閃 | C13: 2 | F13: 1 | H13: 2.4 | M13: magic | N13: 96 | R13: 4001 | S13: 0.4 | W13: magic_fire | X13: fire | Z13: 對隨機敵方2體造成<AP>魔攻的魔法傷害，並40%機率附加灼傷
A14: 210002 | B14: 除魔霜障 | C14: 2 | D14: 1 | F14: 1 | H14: 2.5 | M14: magic | N14: 95 | R14: 4002 | S14: 0.4 | W14: magic_throw | X14: explode | Z14: 對隨機敵方2體造成<AP>魔攻的魔法傷害，並40%機率附加凍傷
A15: 210003 | B15: 萬物洗淨 | C15: -2 | F15: 1 | H15: 2.4 | M15: heal | N15: 48 | W15: magic_throw | X15: explode | Z15: 為我方2體恢復<AP>魔攻的HP
A16: 210004 | B16: 防禦崩解 | C16: 4 | D16: 1 | F16: 1 | G16: 1.25 | M16: phycial | N16: 47 | R16: 2001 | X16: slash | Z16: 對隨機敵方4體造成<AD>物攻的物理攻擊，附加防禦下降
A17: 210005 | B17: 極限斬擊 | C17: 1 | D17: 1 | F17: 1 | G17: 5 | M17: phycial | N17: 49 | P17: 1005 | X17: slash | Z17: 對敵方隨機1體造成<AD>物攻的物理攻擊，附加自身爆擊上升
A18: 210006 | B18: 神威退魔 | C18: -2 | D18: 1 | F18: 1 | N18: 80 | R18: 1996 | X18: buff | Z18: 為我方2體隨機附加傷害分擔
A19: 210007 | B19: 陰月靈鋒 | C19: -2 | F19: 1 | H19: 2.5 | M19: shield | N19: 48 | R19: 1999 | X19: debuff | Z19: 為我方2體附加附加自身<AD>物攻的護盾
A20: 210008 | B20: 聖劍光輝 | C20: 1 | F20: 1 | H20: 4.8 | M20: magic | N20: 96 | R20: 4001 | S20: 0.5 | W20: magic_throw | X20: explode | Z20: 對敵方1體造成<AP>魔攻的魔法傷害，並50%機率灼傷
A21: 210009 | B21: 神威震嶽 | C21: 1 | F21: 1 | G21: 4.8 | M21: phycial | N21: 96 | P21: 1005 | W21: magic_throw | X21: explode | Z21: 對敵方1體造成<AD>物攻的物理傷害；並為自身附加爆擊上升
A22: 210010 | B22: 血祭詛咒 | C22: 1 | F22: 1 | G22: 4.8 | M22: phycial | N22: 48 | R22: 4003 | S22: 0.4 | X22: slash | Z22: 對敵方1體造成<AD>物攻的物理傷害，並40%附加裂傷
A23: 210011 | B23: 神聖庇護 | C23: -2 | F23: 1 | G23: 2.4 | M23: phycial | N23: 48 | R23: 1999 | X23: buff | Z23: 對我方2體<AD>物攻的護盾，自身死亡後3回合將自動重生
A24: 210012 | B24: 龍血洗禮 | C24: -2 | D24: 1 | F24: 1 | H24: 2.5 | M24: magic | N24: 99 | R24: 3004 | X24: heal | Z24: 對我方隨機2體恢復<AP>魔攻的hp，30%機率附加聖護(減傷+20% 1回)
A25: 210013 | B25: 降伏之刃 | C25: 2 | F25: 1 | G25: 1.9 | M25: phycial | N25: 38 | P25: 3003 | X25: stab | Z25: 對敵方2體造成<AD>物攻的物理傷害60%額外附加自身行動加快
A26: 210014 | B26: 漣漪斬 | C26: 3 | F26: 1 | G26: 1.25 | M26: phycial | N26: 38 | P26: 1001 | X26: stab | Z26: 對3個敵方造成<AD>物攻的物理傷害並40%機率附加自身攻擊上升
A27: 210015 | B27: 鬼魅之護 | C27: -2 | F27: 1 | H27: 1.9 | M27: heal | N27: 76 | R27: 1999 | X27: heal | Z27: 對我方2體恢復<AP>魔攻的HP
A28: =A27+1 -> 210016 | B28: 混沌光束 | C28: 3 | D28: 1 | F28: 1 | H28: 1.3 | M28: magic | N28: 78 | X28: explode | Z28: 為敵方隨機3體造成<AP>魔攻的魔法傷害
A29: =A28+1 -> 210017 | B29: 光華折射 | C29: -1 | D29: 1 | F29: 1 | H29: 3.8 | M29: heal | N29: 38 | R29: 1002 | X29: heal | Z29: 對我方隨機1體恢復<AP>魔攻的HP，並額外附加防禦上升效果
A30: =A29+1 -> 210018 | B30: 熾熱沸騰 | C30: 2 | D30: 1 | F30: 1 | H30: 2 | M30: magic | N30: 82 | R30: 4001 | S30: 0.3 | W30: magic_fire | X30: fire | Z30: 對敵方隨機2體造成<AP>魔攻的魔法傷害，並30%灼傷
A31: =A30+1 -> 210019 | B31: 閃光折躍 | C31: 3 | D31: 1 | F31: 1 | H31: 1.3 | M31: magic | N31: 77 | P31: 1007 | Q31: 0.4 | W31: magic_throw | X31: explode | Z31: 為敵方隨機3體造成<AP>魔攻的魔法傷害，40%機率為自身附加技能傷害上升
A32: =A31+1 -> 210020 | B32: 死亡凝視 | C32: 1 | D32: 1 | F32: 1 | H32: 4 | M32: magic | N32: 80 | R32: 5004 | S32: 0.4 | W32: magic_throw | X32: explode | Z32: 為敵方隨機1體造成<AP>魔攻的魔法傷害；並40%附加停止
A33: =A32+1 -> 210021 | B33: 破盾之刃 | C33: 4 | D33: 1 | F33: 1 | G33: 1 | M33: phycial | N33: 40 | T33: 1999 | U33: 0.5 | X33: stab | Z33: 為敵方隨機4體造成<AD>物攻的物理傷害，並50%機率去除護盾
A34: =A33+1 -> 210022 | B34: 重擲穿刺 | C34: 2 | F34: 1 | G34: 1.55 | M34: phycial | N34: 31 | R34: 2002 | S34: 0.5 | X34: beat | Z34: 為敵方2體造成<AD>物攻的物理傷害，並50%附加防禦下降
A35: =A34+1 -> 210023 | B35: 尖刺突落 | C35: 2 | F35: 1 | G35: 1.55 | M35: phycial | N35: 33 | R35: 4003 | S35: 0.25 | X35: beat | Z35: 為敵方2體造成<AD>物攻的物理傷害，並25%機率附加裂傷
A36: =A35+1 -> 210024 | B36: 火球術 | C36: 1 | F36: 1 | H36: 3 | M36: magic | N36: 60 | R36: 4001 | S36: 0.25 | W36: magic_throw | X36: fire | Z36: 對敵方1體造成<AP>魔攻的魔法傷害，並25%附加灼傷
A37: =A36+1 -> 210025 | B37: 枯朽之根 | C37: 2 | D37: 1 | F37: 1 | H37: 1.65 | M37: magic | N37: 66 | R37: 5001 | S37: 0.25 | W37: magic_throw | X37: explode | Z37: 對敵方隨機2體造成<AP>魔攻的魔法傷害，並25%附加麻痺
A38: =A37+1 -> 210026 | B38: 堅盾破甲 | C38: -2 | D38: 1 | F38: 1 | N38: 30 | R38: 1996 | X38: shield2 | Z38: 為我方隨機2體附加傷害分擔
A39: =A38+1 -> 210027 | B39: 弱點貫穿 | C39: 1 | F39: 1 | G39: 3 | M39: phycial | N39: 30 | R39: 1005 | S39: 0.4 | W39: throw | X39: explode | Z39: 為敵方1體造成<AD>物攻的物理傷害；並40%為自身爆擊上升
A40: =A39+1 -> 210028 | B40: 定氣神閒 | C40: -2 | D40: 1 | F40: 1 | H40: 1.65 | M40: magic | N40: 66 | X40: heal | Z40: 為我方隨機2體恢復<AP>魔攻的HP
A41: =A40+1 -> 210029 | B41: 雙重切削 | C41: 2 | D41: 1 | F41: 1 | G41: 1.65 | M41: phycial | N41: 33 | R41: 4003 | S41: 0.25 | X41: stab | Z41: 為敵方2體造成<AD>物攻的物理傷害，並25%附加裂傷
A42: =A41+1 -> 210030 | B42: 魔盾碎裂 | C42: 4 | D42: 1 | F42: 1 | H42: 0.75 | M42: magic | N42: 59 | R42: 2004 | S42: 0.25 | W42: magic_throw | X42: explode | Z42: 為敵方4體造成<AP>魔攻的魔法傷害，並25%附加魔防下降
A43: =A42+1 -> 210031 | B43: 壓制戰技 | C43: 3 | D43: 1 | F43: 1 | G43: 1.05 | M43: phycial | N43: 31 | R43: 4003 | S43: 0.25 | X43: slash | Z43: 為隨機敵方3體造成<AD>物攻的物理傷害，並25%附加裂傷
A45: skill_id | B45: 技能名稱 | C45: 攻擊對象數量 | D45: 是否為隨機 | E45: 是否自身施放 | F45: 重複執行次數 | G45: AD(技能係數) | H45: AP(技能係數) | I45: AGI | J45: current_hp | K45: cooldown | L45: isrole | M45: type | N45: MP_cost | O45: MP_revocer | P45: self_add_buff_id | Q45: self_buff_rate_overwrite | R45: add_buff_id | S45: add_buff_rate_overwrite | T45: remove_buff_id | U45: remove_buff_rate_overwrite | V45: isMpDamage | W45: prefeb_atk | X45: prefeb_hit1 | Y45: prefeb_hit2 | Z45: 說明
A46: 310001 | B46: 炎帝降世 | C46: 5 | F46: 1 | H46: 1 | K46: 7 | M46: magic | N46: 103 | R46: 4001 | W46: magic_fire | X46: fire | Z46: 對敵方全體造成<AP>魔攻的魔法傷害，並附加灼傷效果
A47: 310002 | B47: 神酒破鬼陣 | C47: 3 | F47: 1 | H47: 1.6 | K47: 8 | M47: magic | N47: 96 | R47: ="2004,2004,2004" -> 2004,2004,2004 | W47: magic_throw | X47: explode | Z47: 對敵方3體造成<AP>魔攻的魔法傷害，並附加魔防下降3層
A48: 310003 | B48: 清泉怒濤 | C48: -5 | F48: 1 | H48: 1 | K48: 6 | M48: heal | N48: 49 | X48: heal | Z48: 對我方全體恢復魔攻<AP>的HP
A49: 310004 | B49: 神罰裁決 | C49: 3 | F49: 1 | G49: 1.6 | K49: 7 | M49: phycial | N49: 48 | P49: 3003 | X49: stab | Z49: 對敵方3體造成<AD>物攻的物理傷害，自身附加行動加快
A50: 310005 | B50: 一刀流・破 | C50: 1 | F50: 1 | G50: 4.8 | K50: 6 | M50: phycial | N50: 48 | P50: 3007 | X50: slash2 | Z50: 對敵方1體造成<AD>物攻的物理傷害，為自身附加鬼人狀態(1回合爆擊+30%)
A51: 310006 | B51: 鏡花身法 | C51: -5 | F51: 1 | H51: 1 | K51: 6 | M51: shield | N51: 98 | R51: 1999 | X51: shield1 | Z51: 對我方全體附加魔攻<AP>的護盾
A52: 310007 | B52: 魂力獻祭 | C52: 2 | D52: 1 | F52: 1 | H52: 2.5 | K52: 8 | M52: magic | N52: 105 | R52: 2005 | W52: magic_throw | X52: explode | Z52: 為敵方隨機2體造成<AP>魔攻的魔法傷害，附加爆擊下降
A53: 310008 | B53: 誓約之火 | C53: -5 | F53: 1 | K53: 5 | N53: 90 | R53: ="1003,1003" -> 1003,1003 | X53: buff | Z53: 對我方全體附加魔攻上升2層
A54: 310009 | B54: 震天雷霆斬 | C54: 1 | D54: 1 | F54: 3 | G54: 1.6 | K54: 4 | M54: phycial | N54: 23 | P54: 1001 | Q54: 0.4 | X54: slash | Z54: 對敵方隨機1體造成<AD>物攻的物理傷害共3次，40%自身附加攻擊上升
A55: 310010 | B55: 噬魂開鋒 | C55: 1 | D55: 1 | F55: 1 | G55: 5 | K55: 5 | M55: phycial | N55: 100 | R55: 5004 | S55: 0.4 | W55: magic_throw | X55: explode | Z55: 對敵方1體隨機造成<AD>物攻的物理傷害，額外40%附加停止
A56: 310011 | B56: 聖光衝擊 | C56: 1 | F56: 1 | G56: 4.8 | K56: 6 | M56: phycial | N56: 44 | R56: 5002 | S56: 0.4 | X56: stab | Z56: 對敵方1體造成<AD>物攻的物理傷害，造成40%暈眩
A57: 310012 | B57: 英雄意志 | C57: -1 | F57: 1 | H57: 4.8 | K57: 7 | M57: heal | N57: 48 | O57: 150 | X57: heal | Z57: 對我方1體恢復魔攻<AP>的hp，追加立即恢復對象mp150
A58: 310013 | B58: 夢魔潰散 | C58: 1 | F58: 1 | G58: 3.8 | K58: 9 | M58: phycial | N58: 38 | R58: 3006 | X58: stab | Z58: 對敵方1體造成<AD>物攻的物理傷害並附加(潰魔；降30%魔防)
A59: 310014 | B59: 急流連刺 | C59: 3 | D59: 1 | F59: 1 | G59: 1.3 | K59: 8 | M59: phycial | N59: 39 | R59: 3005 | X59: slash | Z59: 對敵方3體隨機造成<AD>物攻的物理傷害並附加潰防(潰防；降30%物禦)
A60: 310015 | B60: 冥府威壓 | C60: 2 | F60: 1 | H60: 1.9 | K60: 9 | M60: magic | N60: 76 | R60: 5002 | S60: 0.3 | W60: magic_throw | X60: explode | Z60: 為敵方2體造成<AP>魔攻的魔法傷害，並30%機率附加暈眩
A61: =A60+1 -> 310016 | B61: 魔障封印 | C61: 2 | D61: 1 | F61: 1 | H61: 2 | K61: 7 | M61: magic | N61: 80 | P61: 1007 | Q61: 0.4 | W61: magic_throw | X61: explode | Z61: 為敵方隨機2體造成<AP>魔攻的魔法傷害，40%機率附加技能傷害上升
A62: =A61+1 -> 310017 | B62: 永恆映照 | C62: -2 | F62: 1 | H62: 1.9 | K62: 8 | M62: heal | N62: 37 | R62: 1997 | X62: heal | Z62: 為我方2體恢復<AP>魔攻的HP，並附加傷害反射
A63: =A62+1 -> 310018 | B63: 熔岩流淌 | C63: 2 | D63: 1 | F63: 1 | H63: 2 | K63: 7 | M63: magic | N63: 76 | R63: 4001 | S63: 0.3 | W63: magic_throw | X63: explode | Z63: 對敵方隨機2體造成<AP>魔攻的魔法傷害，30%灼傷
A64: =A63+1 -> 310019 | B64: 轟天衝擊 | C64: 2 | F64: 1 | H64: 1.9 | K64: 9 | M64: magic | N64: 69 | R64: 5001 | S64: 0.3 | W64: magic_throw | X64: explode | Z64: 為敵方2體造成造成<AP>魔攻的魔法傷害，並30%機率附加麻痺
A65: =A64+1 -> 310020 | B65: 邪眼顯現 | C65: 3 | D65: 1 | F65: 1 | H65: 0.02 | K65: 11 | M65: magic | N65: 59 | W65: magic_throw | X65: mana_cost | Z65: 為敵方隨機3體造成<AP>魔攻的MP傷害
A66: =A65+1 -> 310021 | B66: 破魂斬 | C66: 2 | D66: 1 | F66: 1 | G66: 2 | K66: 10 | M66: phycial | N66: 39 | R66: 2002,2004 | S66: 0.6 | X66: slash | Z66: 為敵方隨機2體造成<AD>物攻的物理傷害，並60%防禦下降與魔法下降
A67: =A66+1 -> 310022 | B67: 貫穿刺擊 | C67: 1 | F67: 1 | G67: 3 | K67: 9 | M67: phycial | N67: 22 | R67: 1006 | S67: 0.5 | X67: slash | Z67: 對敵方1體造成<AD>物攻的物理傷害，並50%為自身附加爆擊上升
A68: =A67+1 -> 310023 | B68: 毒棘之吻 | C68: 5 | F68: 1 | G68: 0.6 | K68: 12 | M68: phycial | N68: 27 | R68: 4004 | S68: 0.35 | X68: stab | Z68: 為敵方全體造成<AD>物攻的物理傷害，機率附加35%中毒
A69: =A68+1 -> 310024 | B69: 冰凍術 | C69: 2 | F69: 1 | H69: 1.55 | K69: 8 | M69: magic | N69: 62 | R69: 4002 | S69: 0.25 | W69: magic_throw | X69: explode | Z69: 對敵方2體造成<AP>魔攻的魔法傷害，並25%附加凍傷
A70: =A69+1 -> 310025 | B70: 恢復魔法 | C70: -2 | F70: 1 | H70: 1.55 | K70: 8 | M70: heal | N70: 31 | X70: heal | Z70: 為我方2體恢復<AP>魔攻的HP
A71: =A70+1 -> 310026 | B71: 堅不可摧 | C71: -5 | F71: 1 | K71: 10 | N71: 32 | R71: 1002,1002 | X71: buff | Z71: 為我防全體附加防禦上升2層
A72: =A71+1 -> 310027 | B72: 集中一擊 | C72: 1 | F72: 1 | G72: 3 | K72: 8 | M72: phycial | N72: 27 | P72: 1005 | Q72: 0.4 | X72: slash | Z72: 為敵方1體造成<AD>物攻的物理傷害；並40%為自身附加爆擊傷害上升
A73: =A72+1 -> 310028 | B73: 精神恢復 | C73: -2 | F73: 1 | K73: 11 | N73: 38 | O73: 80 | X73: mana_cost | Z73: 為我方2體恢復MP80
A74: =A73+1 -> 310029 | B74: 連鎖突進 | C74: 1 | D74: 1 | F74: 1 | G74: 3.15 | K74: 8 | M74: phycial | N74: 30 | X74: slash | Z74: 為敵方隨機1體造成<AD>物攻的物理傷害2次
A75: =A74+1 -> 310030 | B75: 風暴護障 | C75: -2 | D75: 1 | F75: 1 | H75: 1.55 | K75: 9 | M75: heal | N75: 32 | R75: 1004 | S75: 0.4 | X75: light | Z75: 為隨機我方2體恢復<AP>魔攻的HP，並40%附加魔防上升
A76: =A75+1 -> 310031 | B76: 閃擊劍舞 | C76: -1 | F76: 1 | K76: 10 | N76: 29 | P76: 3003 | Q76: 0.25 | X76: buff | Z76: 25%為自身附加行動加快
A78: skill_id | B78: 技能名稱 | C78: 攻擊對象數量 | D78: 是否為隨機 | E78: 是否自身施放 | F78: 重複執行次數 | G78: AD(技能係數) | H78: AP(技能係數) | I78: AGI | J78: current_hp | K78: cooldown | L78: isrole | M78: type | N78: MP_cost | O78: MP_revocer | P78: self_add_buff_id | Q78: self_buff_rate_overwrite | R78: add_buff_id | S78: add_buff_rate_overwrite | T78: remove_buff_id | U78: remove_buff_rate_overwrite | V78: isMpDamage | W78: prefeb_atk | X78: prefeb_hit1 | Y78: prefeb_hit2 | Z78: 說明
A79: 890001 | B79: 狂怒一擊 | C79: 1 | G79: 3 | M79: phycial | R79: 5002 | S79: 0.5 | X79: stab | Z79: 對敵方1體造成<AD>物攻的物理傷害，並50%附加暈眩
A80: 890002 | B80: 重斧防禦 | C80: -2 | D80: 1 | G80: 3 | M80: shield | R80: 1999 | X80: shield1 | Z80: 對我方隨機2體附加<AD>的護盾
A81: 890003 | B81: 全速攻擊 | C81: 2 | G81: 1.65 | M81: phycial | P81: 3003 | X81: slash | Z81: 對敵方2體造成<AD>物攻的物理傷害，並為自身附加行動加快
A82: 890004 | B82: 劇毒匕首 | C82: 1 | G82: 3.1 | M82: phycial | R82: 4004 | X82: stab | Z82: 對敵方1體造成<AD>物攻的物理傷害，並附加中毒效果
A83: 890005 | B83: 全體點燃 | C83: 5 | H83: 0.6 | M83: magic | R83: 4001 | W83: magic_fire | X83: fire | Z83: 對敵方全體造成<AP>魔攻的魔法傷害，並附加灼傷
A84: 890006 | B84: 治療術 | C84: -2 | D84: 1 | H84: 3 | M84: heal | X84: heal | Z84: 對我方隨機2體<AP>魔攻的HP恢復
A85: 890007 | B85: 天翔十字閃 | C85: 3 | M85: phycial | R85: ="2002,2002" -> 2002,2002 | X85: slash | Z85: 為敵方3名敵人造成<AD>物理傷害，並附加防禦下降2層
A87: skill_id | B87: 技能名稱 | C87: 攻擊對象數量 | D87: 是否為隨機 | E87: 是否自身施放 | F87: 重複執行次數 | G87: AD(技能係數) | H87: AP(技能係數) | I87: AGI | J87: current_hp | K87: cooldown | L87: isrole | M87: type | N87: MP_cost | O87: MP_revocer | P87: self_add_buff_id | Q87: self_buff_rate_overwrite | R87: add_buff_id | S87: add_buff_rate_overwrite | T87: remove_buff_id | U87: remove_buff_rate_overwrite | V87: isMpDamage | W87: prefeb_atk | X87: prefeb_hit1 | Y87: prefeb_hit2 | Z87: 說明
A88: 990001 | B88: 全體物攻上升 | C88: -5 | K88: 3 | R88: 1001 | X88: buff | Z88: 為我方全體物攻上升
A89: 990002 | B89: 全體防禦力上升 | C89: -5 | K89: 3 | R89: 1002 | X89: buff | Z89: 為我方全體防禦力上升
A90: 990003 | B90: 全體技能傷害上升 | C90: -5 | K90: 3 | R90: 1007 | X90: buff | Z90: 為我方全體技能傷害上升
A91: 990004 | B91: 全體爆擊率上升 | C91: -5 | K91: 3 | R91: 1005 | X91: buff | Z91: 為我方全體爆擊率上升
A92: 990005 | B92: 全體魔攻上升 | C92: -5 | K92: 3 | R92: 1003 | X92: buff | Z92: 為我方全體魔攻上升
A93: 990006 | B93: 全隊魔防上升 | C93: -5 | K93: 3 | R93: 1004 | X93: buff | Z93: 為我方全隊魔防上升
A94: 990007 | B94: 人劍合一 | C94: -5 | K94: 3 | R94: 3020 | X94: buff | Z94: 為所有#名刀附加攻擊上升5層與爆擊傷害上升5層
A96: skill_id | B96: 技能名稱 | C96: 攻擊對象數量 | D96: 是否為隨機 | E96: 是否自身施放 | F96: 攻擊次數 | G96: AD(技能係數) | H96: AP(技能係數) | I96: AGI | J96: current_hp | K96: cooldown | L96: isrole | M96: type | N96: MP_cost | O96: MP_revocer | P96: self_add_buff_id | Q96: self_buff_rate | R96: add_buff_id | S96: add_buff_rate_overwrite | T96: remove_buff_id | U96: remove_buff_rate_overwrite | V96: isMpDamage | W96: prefeb_atk | X96: prefeb_hit1 | Y96: prefeb_hit2 | Z96: 說明
A97: 211001 | B97: 業火一閃★ | C97: 2 | F97: 1 | H97: 2.4 | M97: magic | N97: 96 | R97: 4001 | S97: 0.5 | W97: magic_fire | X97: fire | Z97: 對隨機敵方2體造成<AP>魔攻的魔法傷害，並50%機率附加灼傷
A98: 212001 | B98: 業火一閃★2 | C98: 4 | F98: 1 | H98: 2.4 | M98: magic | N98: =N97-4 -> 92 | R98: 4001 | S98: 0.7 | W98: magic_fire | X98: fire | Z98: 對隨機敵方2體造成<AP>魔攻的魔法傷害，並70%機率附加灼傷
A99: 213001 | B99: 業火一閃★3 | C99: 4 | F99: 1 | H99: 2.4 | M99: magic | N99: =N98-4 -> 88 | R99: 4001 | S99: 0.7 | W99: magic_fire | X99: fire | Z99: 對隨機敵方4體造成<AP>魔攻的魔法傷害，並70%機率附加灼傷
A100: 214001 | B100: 業火一閃★4 | C100: 4 | F100: 1 | H100: 2.4 | M100: magic | N100: =N99-4 -> 84 | R100: 4001 | W100: magic_fire | X100: fire | Z100: 對隨機敵方4體造成<AP>魔攻的魔法傷害，並100%機率附加灼傷
A101: 215001 | B101: 業火一閃•極 | C101: 4 | F101: 1 | H101: 2.4 | M101: magic | N101: =N100-4 -> 80 | R101: 4001 | U101: 1999 | W101: magic_fire | X101: fire | Z101: 對隨機敵方4體造成<AP>魔攻的魔法傷害，並100%機率附加灼傷；並解除受擊者護盾效果
A102: =A97+1 -> 211002 | B102: 除魔霜障★ | C102: 2 | D102: 1 | F102: 1 | H102: 2.5 | M102: magic | N102: 95 | R102: ="4002,2004" -> 4002,2004 | S102: 0.4 | W102: magic_throw | X102: explode | Z102: 對隨機敵方2體造成<AP>魔攻的魔法傷害，並40%機率附加凍傷與魔防下降1層
A103: =A98+1 -> 212002 | B103: 除魔霜障★2 | C103: 2 | D103: 1 | F103: 1 | H103: 2.5 | M103: magic | N103: =N102-4 -> 91 | R103: ="4002,2004" -> 4002,2004 | S103: 0.5 | W103: magic_throw | X103: explode | Z103: 對隨機敵方2體造成<AP>魔攻的魔法傷害，並50%機率附加凍傷與魔防下降1層
A104: =A99+1 -> 213002 | B104: 除魔霜障★3 | C104: 3 | D104: 1 | F104: 1 | H104: 2.5 | M104: magic | N104: =N103-4 -> 87 | R104: ="4002,2004" -> 4002,2004 | S104: 0.5 | W104: magic_throw | X104: explode | Z104: 對隨機敵方3體造成<AP>魔攻的魔法傷害，並50%機率附加凍傷與魔防下降1層
A105: =A100+1 -> 214002 | B105: 除魔霜障★4 | C105: 3 | D105: 1 | F105: 1 | H105: 2.5 | M105: magic | N105: =N104-4 -> 83 | R105: ="4002,2004,5003" -> 4002,2004,5003 | S105: 0.5 | W105: magic_throw | X105: explode | Z105: 對隨機敵方2體造成<AP>魔攻的魔法傷害，並50%機率附加凍傷、50%機率冰凍與魔防下降1層
A106: =A101+1 -> 215002 | B106: 除魔霜障•極 | C106: 3 | D106: 1 | F106: 1 | H106: 2.5 | M106: magic | N106: =N105-4 -> 79 | R106: ="4002,2004,5003" -> 4002,2004,5003 | S106: 0.8 | W106: magic_throw | X106: explode | Z106: 對隨機敵方2體造成<AP>魔攻的魔法傷害，並80%機率附加凍傷、80%機率冰凍與魔防下降1層
...

Sheet buff
A1: buff_id | B1: buff名稱 | C1: buff_info | D1: #備註用 | E1: buff_exchange | F1: tag | G1: element | H1: ATK | I1: MATK | J1: DEF | K1: MDEF | L1: CRI | M1: MP | N1: cri_resist | O1: AGI | P1: damage_reflect | Q1: cri_damage | R1: cri_damage_resist | S1: skill_rate | T1: skill_resist | U1: damage_increase | V1: damage_reduce | W1: reflashAble | X1: max_stack | Y1: 持續回合數 | Z1: effective_turn | AA1: effective_currenthp_higher | AB1: effective_currenthp_lower | AC1: invisible | AD1: set_info | AE1: set_effective_count
A2: 1001 | B2: 攻擊上升 | C2: ="每層提升5%攻擊，可堆疊，最多"&X2&"層，持續"&Y2&"回合" -> 每層提升5%攻擊，可堆疊，最多5層，持續3回合 | D2: buff | H2: 0.05 | W2: =TRUE() -> TRUE | X2: 5 | Y2: 3
A3: 1002 | B3: 防禦上升 | C3: ="每層提升5%防禦，可堆疊，最多"&X3&"層，持續"&Y3&"回合" -> 每層提升5%防禦，可堆疊，最多5層，持續3回合 | D3: buff | J3: 0.05 | W3: =TRUE() -> TRUE | X3: 5 | Y3: 3
A4: 1003 | B4: 魔攻上升 | C4: ="每層提升5%魔攻，可堆疊，最多"&X4&"層，持續"&Y4&"回合" -> 每層提升5%魔攻，可堆疊，最多5層，持續3回合 | D4: buff | I4: 0.05 | W4: =TRUE() -> TRUE | X4: 5 | Y4: 3
A5: 1004 | B5: 魔防上升 | C5: ="每層提升5%魔防，可堆疊，最多"&X5&"層，持續"&Y5&"回合" -> 每層提升5%魔防，可堆疊，最多5層，持續3回合 | D5: buff | K5: 0.05 | W5: =TRUE() -> TRUE | X5: 5 | Y5: 3
A6: 1005 | B6: 爆擊上升 | C6: ="每層提升5%爆擊率，可堆疊，最多"&X6&"層，持續"&Y6&"回合" -> 每層提升5%爆擊率，可堆疊，最多5層，持續3回合 | D6: buff | L6: 0.05 | W6: =TRUE() -> TRUE | X6: 5 | Y6: 3
A7: 1006 | B7: 爆傷上升 | C7: ="每層提升5%爆擊傷害，可堆疊，最多"&X7&"層，持續"&Y7&"回合" -> 每層提升5%爆擊傷害，可堆疊，最多5層，持續3回合 | D7: buff | Q7: 0.05 | W7: =TRUE() -> TRUE | X7: 5 | Y7: 3
A8: 1007 | B8: 技能傷害上升 | C8: ="每層提升5%技能傷害，可堆疊，最多"&X8&"層，持續"&Y8&"回合" -> 每層提升5%技能傷害，可堆疊，最多5層，持續3回合 | D8: buff | S8: 0.05 | W8: =TRUE() -> TRUE | X8: 5 | Y8: 3
A9: 1008 | B9: 爆擊抗性上升 | C9: ="每層提升5%爆擊抗性，可堆疊，最多"&X9&"層，持續"&Y9&"回合" -> 每層提升5%爆擊抗性，可堆疊，最多5層，持續3回合 | D9: buff | N9: 0.05 | W9: =TRUE() -> TRUE | X9: 5 | Y9: 3
A10: 1009 | B10: 爆傷抗性上升 | C10: ="每層提升5%爆傷抗性，可堆疊，最多"&X10&"層，持續"&Y10&"回合" -> 每層提升5%爆傷抗性，可堆疊，最多5層，持續3回合 | D10: buff | R10: 0.05 | W10: =TRUE() -> TRUE | X10: 5 | Y10: 3
A11: 1010 | B11: 技能抵抗上升 | C11: ="每層提升5%技能倍率抗性，可堆疊，最多"&X11&"層，持續"&Y11&"回合" -> 每層提升5%技能倍率抗性，可堆疊，最多5層，持續3回合 | D11: buff | T11: 0.05 | W11: =TRUE() -> TRUE | X11: 5 | Y11: 3
A12: 1011 | B12: 增加造成傷害 | C12: ="每層提升3%造成傷害，可堆疊，最多"&X12&"層，持續"&Y12&"回合" -> 每層提升3%造成傷害，可堆疊，最多5層，持續3回合 | D12: buff | U12: 0.03 | W12: =TRUE() -> TRUE | X12: 5 | Y12: 3
A13: 1012 | B13: 減少受到傷害 | C13: ="每層提升3%減少受到傷害，可堆疊，最多"&X13&"層，持續"&Y13&"回合" -> 每層提升3%減少受到傷害，可堆疊，最多5層，持續3回合 | D13: buff | V13: 0.03 | W13: =TRUE() -> TRUE | X13: 5 | Y13: 3
A16: buff_id | B16: buff名稱 | C16: buff_info | D16: #備註用 | E16: buff_exchange | F16: tag | G16: element | H16: ATK | I16: MATK | J16: DEF | K16: MDEF | L16: CRI | M16: MP | N16: cri_resist | O16: AGI | P16: damage_reflect | Q16: cri_damage | R16: cri_damage_resist | S16: skill_rate | T16: skill_resist | U16: damage_increase | V16: damage_reduce | W16: reflashAble | X16: max_stack | Y16: 持續回合數 | Z16: effective_turn | AA16: effective_currenthp_higher | AB16: effective_currenthp_lower | AC16: invisible | AD16: set_info | AE16: set_effective_count
A17: 2001 | B17: 攻擊下降 | C17: ="每層降低5%攻擊，可堆疊，最多"&X17&"層，持續"&Y17&"回合" -> 每層降低5%攻擊，可堆疊，最多5層，持續3回合 | D17: debuff | H17: -0.05 | W17: =TRUE() -> TRUE | X17: 5 | Y17: 3
A18: 2002 | B18: 防禦下降 | C18: ="每層降低5%防禦，可堆疊，最多"&X18&"層，持續"&Y18&"回合" -> 每層降低5%防禦，可堆疊，最多5層，持續3回合 | D18: debuff | J18: -0.05 | W18: =TRUE() -> TRUE | X18: 5 | Y18: 3
A19: 2003 | B19: 魔攻下降 | C19: ="每層降低5%魔攻，可堆疊，最多"&X19&"層，持續"&Y19&"回合" -> 每層降低5%魔攻，可堆疊，最多5層，持續3回合 | D19: debuff | I19: -0.05 | W19: =TRUE() -> TRUE | X19: 5 | Y19: 3
A20: 2004 | B20: 魔防下降 | C20: ="每層降低5%魔防，可堆疊，最多"&X20&"層，持續"&Y20&"回合" -> 每層降低5%魔防，可堆疊，最多5層，持續3回合 | D20: debuff | K20: -0.05 | W20: =TRUE() -> TRUE | X20: 5 | Y20: 3
A21: 2005 | B21: 爆擊下降 | C21: ="每層降低5%爆擊率，可堆疊，最多"&X21&"層，持續"&Y21&"回合" -> 每層降低5%爆擊率，可堆疊，最多5層，持續3回合 | D21: debuff | L21: -0.05 | W21: =TRUE() -> TRUE | X21: 5 | Y21: 3
A22: 2006 | B22: 爆傷下降 | C22: ="每層降低5%爆擊傷害，可堆疊，最多"&X22&"層，持續"&Y22&"回合" -> 每層降低5%爆擊傷害，可堆疊，最多5層，持續3回合 | D22: debuff | Q22: -0.05 | W22: =TRUE() -> TRUE | X22: 5 | Y22: 3
A23: 2007 | B23: 技能傷害下降 | C23: ="每層降低5%技能傷害，可堆疊，最多"&X23&"層，持續"&Y23&"回合" -> 每層降低5%技能傷害，可堆疊，最多5層，持續3回合 | D23: debuff | S23: -0.05 | W23: =TRUE() -> TRUE | X23: 5 | Y23: 3
A24: 2008 | B24: 爆擊抗性下降 | C24: ="每層降低5%爆擊抗性，可堆疊，最多"&X24&"層，持續"&Y24&"回合" -> 每層降低5%爆擊抗性，可堆疊，最多5層，持續3回合 | D24: debuff | N24: -0.05 | W24: =TRUE() -> TRUE | X24: 5 | Y24: 3
A25: 2009 | B25: 爆傷抗性下降 | C25: ="每層降低5%爆傷抗性，可堆疊，最多"&X25&"層，持續"&Y25&"回合" -> 每層降低5%爆傷抗性，可堆疊，最多5層，持續3回合 | D25: debuff | R25: -0.05 | W25: =TRUE() -> TRUE | X25: 5 | Y25: 3
A26: 2010 | B26: 技能抵抗下降 | C26: ="每層降低5%技能傷害，可堆疊，最多"&X26&"層，持續"&Y26&"回合" -> 每層降低5%技能傷害，可堆疊，最多5層，持續3回合 | D26: debuff | T26: -0.05 | W26: =TRUE() -> TRUE | X26: 5 | Y26: 3
A27: 2011 | B27: 減少造成傷害 | C27: ="每層降低3%造成傷害，可堆疊，最多"&X27&"層，持續"&Y27&"回合" -> 每層降低3%造成傷害，可堆疊，最多5層，持續3回合 | D27: debuff | U27: -0.03 | W27: =TRUE() -> TRUE | X27: 5 | Y27: 3
A28: 2012 | B28: 增加受到傷害 | C28: ="每層增加3%受到傷害，可堆疊，最多"&X28&"層，持續"&Y28&"回合" -> 每層增加3%受到傷害，可堆疊，最多5層，持續3回合 | D28: debuff | V28: -0.03 | W28: =TRUE() -> TRUE | X28: 5 | Y28: 3
A30: buff_id | B30: buff名稱 | C30: buff_info | D30: #備註用 | E30: buff_exchange | F30: tag | G30: element | H30: ATK | I30: MATK | J30: DEF | K30: MDEF | L30: CRI | M30: MP | N30: cri_resist | O30: AGI | P30: damage_reflect | Q30: cri_damage | R30: cri_damage_resist | S30: skill_rate | T30: skill_resist | U30: damage_increase | V30: damage_reduce | W30: reflashAble | X30: max_stack | Y30: 持續回合數 | Z30: effective_turn | AA30: effective_currenthp_higher | AB30: effective_currenthp_lower | AC30: invisible | AD30: set_info | AE30: set_effective_count
A31: 1996 | B31: 傷害分擔 | C31: ="將所有受到的傷害50%改由發起護衛者承擔"&"持續"&Y31&"回合" -> 將所有受到的傷害50%改由發起護衛者承擔持續2回合 | D31: buff | W31: =FALSE() -> FALSE | X31: 1 | Y31: 2
A32: 1997 | B32: 傷害反彈 | C32: ="減少15%受到的傷害，並將受到傷害反射至攻擊者，"&"持續"&Y32&"回合" -> 減少15%受到的傷害，並將受到傷害反射至攻擊者，持續2回合 | D32: buff | P32: 0.15 | W32: =FALSE() -> FALSE | X32: 1 | Y32: 2
A33: 1998 | B33: 受護衛效果 | C33: ="將所有受到的傷害改由發起護衛者承擔，"&"持續"&Y33&"回合" -> 將所有受到的傷害改由發起護衛者承擔，持續1回合 | D33: buff | W33: =FALSE() -> FALSE | X33: 1 | Y33: 1
A34: 1999 | B34: 護盾 | C34: ="優先抵擋傷害的護盾HP，"&"持續"&Y34&"回合" -> 優先抵擋傷害的護盾HP，持續3回合 | D34: buff | W34: =FALSE() -> FALSE | X34: 1 | Y34: 3
A36: buff_id | B36: buff名稱 | C36: buff_info | D36: #備註用 | E36: buff_exchange | F36: tag | G36: element | H36: ATK | I36: MATK | J36: DEF | K36: MDEF | L36: CRI | M36: MP | N36: cri_resist | O36: AGI | P36: damage_reflect | Q36: cri_damage | R36: cri_damage_resist | S36: skill_rate | T36: skill_resist | U36: damage_increase | V36: damage_reduce | W36: reflashAble | X36: max_stack | Y36: 持續回合數 | Z36: effective_turn | AA36: effective_currenthp_higher | AB36: effective_currenthp_lower | AC36: invisible | AD36: set_info | AE36: set_effective_count
A37: 3001 | B37: 持續恢復 | C37: ="每回合恢復40%施術者魔法攻擊的HP恢復，"&"持續"&Y37&"回合" -> 每回合恢復40%施術者魔法攻擊的HP恢復，持續3回合 | D37: buff | I37: 0.4 | W37: =FALSE() -> FALSE | X37: 1 | Y37: 3
A38: 3002 | B38: 持續回魔 | C38: ="每回合恢復2%施術者魔法攻擊力的MP恢復，"&"持續"&Y38&"回合" -> 每回合恢復2%施術者魔法攻擊力的MP恢復，持續2回合 | D38: buff | I38: 0.02 | W38: =FALSE() -> FALSE | X38: 1 | Y38: 2
A39: 3003 | B39: 行動加快 | C39: ="回合結束時立即增加10%行動值，"&"持續"&Y39&"回合" -> 回合結束時立即增加10%行動值，持續2回合 | D39: buff | O39: 0.1 | W39: =FALSE() -> FALSE | X39: 1 | Y39: 2
A40: 3004 | B40: 聖護 | C40: 減少受到傷害20% | D40: buff | V40: 0.2 | W40: =FALSE() -> FALSE | X40: 1 | Y40: 2
A41: 3005 | B41: 潰防 | C41: 降低30%物理防禦 | D41: buff | J41: -0.3 | W41: =FALSE() -> FALSE | X41: 1 | Y41: 2
A42: 3006 | B42: 潰魔 | C42: 降低30%魔防防禦 | D42: buff | K42: -0.3 | W42: =FALSE() -> FALSE | X42: 1 | Y42: 2
A43: 3007 | B43: 鬼人 | C43: 爆擊率增加30% | D43: buff | L43: 0.3 | W43: =FALSE() -> FALSE | X43: 1 | Y43: 2
A44: 3008 | B44: 炎帝 | C44: 魔攻+30% | D44: buff | I44: 0.3 | W44: =FALSE() -> FALSE | X44: 1 | Y44: 2
A45: 3009 | B45: 極•炎帝 | C45: 魔攻+50%，技能傷害+10%) | D45: buff | I45: 0.5 | S45: 0.1 | W45: =FALSE() -> FALSE | X45: 1 | Y45: 2
A46: 3010 | B46: 妖刀 | C46: 爆擊率+50% | D46: buff | L46: 0.5 | W46: =FALSE() -> FALSE | X46: 1 | Y46: 2
A47: 3011 | B47: 妖刀●滅 | C47: 爆擊傷害+50% | D47: buff | Q47: 0.5 | W47: =FALSE() -> FALSE | X47: 1 | Y47: 2
A48: 3012 | B48: 極意鬼人 | C48: 爆擊+30%，爆擊傷害+40% | D48: buff | L48: 0.3 | Q48: 0.4 | W48: =FALSE() -> FALSE | X48: 1 | Y48: 2
A49: 3013 | B49: 真言 | C49: 魔攻、物攻50%、1回 | D49: buff | H49: 0.5 | I49: 0.5 | W49: =FALSE() -> FALSE | X49: 1 | Y49: 1
A50: 3014 | B50: 真理 | C50: 技能傷害10%、2回 | D50: buff | L50: 0.1 | W50: =FALSE() -> FALSE | X50: 1 | Y50: 2
A51: 3015 | B51: 聖光 | C51: 技能傷害抵抗50%、1回 | D51: buff | T51: -0.5 | W51: =FALSE() -> FALSE | X51: 1 | Y51: 1
A52: 3016 | B52: 聖斬效果 | C52: 爆擊率+100%、1回 | D52: buff | L52: 1 | W52: =FALSE() -> FALSE | X52: 1 | Y52: 1
A53: 3017 | B53: 不屈 | C53: 減少受到傷害10%，爆擊傷害抵抗50% 2回 | D53: buff | R53: 0.5 | V53: 0.1 | W53: =FALSE() -> FALSE | X53: 1 | Y53: 2
A54: 3018 | B54: 逆轉 | C54: 攻擊與魔攻+80%；持續5回 | D54: buff | H54: 0.8 | I54: 0.8 | W54: =FALSE() -> FALSE | X54: 1 | Y54: 5
A55: 3019 | B55: 奇襲 | C55: 爆擊率+100%；持續3回 | D55: buff | L55: 1 | W55: =FALSE() -> FALSE | X55: 1 | Y55: 3
A56: 3020 | B56: 人劍合一 | C56: #名刀附加攻擊+30%、爆擊率+20%，爆擊傷害+50%；持續3回 | D56: buff | F56: 56 | H56: 0.3 | L56: 0.2 | Q56: 0.5 | W56: =FALSE() -> FALSE | X56: 1 | Y56: 3
A58: buff_id | B58: buff名稱 | C58: buff_info | D58: #備註用 | E58: buff_exchange | F58: tag | G58: element | H58: ATK | I58: MATK | J58: DEF | K58: MDEF | L58: CRI | M58: MP | N58: cri_resist | O58: AGI | P58: damage_reflect | Q58: cri_damage | R58: cri_damage_resist | S58: skill_rate | T58: skill_resist | U58: damage_increase | V58: damage_reduce | W58: reflashAble | X58: max_stack | Y58: 持續回合數 | Z58: effective_turn | AA58: effective_currenthp_higher | AB58: effective_currenthp_lower | AC58: invisible | AD58: set_info | AE58: set_effective_count
A59: 4001 | B59: 灼傷 | C59: ="每層於每回合給予施術者5%魔法攻擊的傷害，"&"最多"&X59&"層，"&"持續"&Y59&"回合" -> 每層於每回合給予施術者5%魔法攻擊的傷害，最多20層，持續3回合 | D59: debuff | I59: -0.05 | W59: =TRUE() -> TRUE | X59: 20 | Y59: 3
A60: 4002 | B60: 凍傷 | C60: ="每層於每回合給予施術者5%魔法攻擊的傷害，"&"最多"&X60&"層，"&"持續"&Y60&"回合" -> 每層於每回合給予施術者5%魔法攻擊的傷害，最多10層，持續2回合 | D60: debuff | I60: -0.1 | W60: =TRUE() -> TRUE | X60: 10 | Y60: 2
A61: 4003 | B61: 裂傷 | C61: ="每層於每回合給予施術者5%魔法攻擊的傷害，"&"最多"&X61&"層，"&"持續"&Y61&"回合" -> 每層於每回合給予施術者5%魔法攻擊的傷害，最多10層，持續2回合 | D61: debuff | H61: -0.1 | W61: =TRUE() -> TRUE | X61: 10 | Y61: 2
A62: 4004 | B62: 中毒 | C62: ="每層於每回合給予施術者5%魔法攻擊的傷害，"&"最多"&X62&"層，"&"持續"&Y62&"回合" -> 每層於每回合給予施術者5%魔法攻擊的傷害，最多20層，持續3回合 | D62: debuff | H62: -0.05 | W62: =TRUE() -> TRUE | X62: 20 | Y62: 3
A63: 4005 | B63: 治療反轉 | C63: 受到治療時轉為傷害 | D63: debuff | H63: -0.05 | W63: =TRUE() -> TRUE | X63: 20 | Y63: 3
A65: buff_id | B65: buff名稱 | C65: buff_info | D65: #備註用 | E65: buff_exchange | F65: tag | G65: element | H65: ATK | I65: MATK | J65: DEF | K65: MDEF | L65: CRI | M65: MP | N65: cri_resist | O65: AGI | P65: damage_reflect | Q65: cri_damage | R65: cri_damage_resist | S65: skill_rate | T65: skill_resist | U65: damage_increase | V65: damage_reduce | W65: reflashAble | X65: max_stack | Y65: 持續回合數 | Z65: effective_turn | AA65: effective_currenthp_higher | AB65: effective_currenthp_lower | AC65: invisible | AD65: set_info | AE65: set_effective_count
A66: 5001 | B66: 麻痺 | C66: 1回合無法行動 | D66: debuff | W66: =FALSE() -> FALSE | X66: 1 | Y66: 1
A67: 5002 | B67: 暈眩 | C67: 1回合無法行動 | D67: debuff | W67: =FALSE() -> FALSE | X67: 1 | Y67: 1
A68: 5003 | B68: 冰凍 | C68: 1回合無法行動 | D68: debuff | W68: =FALSE() -> FALSE | X68: 1 | Y68: 1
A69: 5004 | B69: 停止 | C69: 1回合無法行動 | D69: debuff | W69: =FALSE() -> FALSE | X69: 1 | Y69: 1
A70: 5005 | B70: 凝聚 | C70: 1回合無法行動；下回合獲得爆散狀態 | D70: buff | E70: 5006 | W70: =FALSE() -> FALSE | X70: 1 | Y70: 1
A71: 5006 | B71: 爆散 | C71: 最終傷害造成250% | D71: buff | W71: =FALSE() -> FALSE | X71: 1 | Y71: 1
A73: buff_id | B73: buff名稱 | C73: buff_info | D73: #備註用 | E73: buff_exchange | F73: tag | G73: element | H73: ATK | I73: MATK | J73: DEF | K73: MDEF | L73: CRI | M73: MP | N73: cri_resist | O73: AGI | P73: damage_reflect | Q73: cri_damage | R73: cri_damage_resist | S73: skill_rate | T73: skill_resist | U73: damage_increase | V73: damage_reduce | W73: reflashAble | X73: max_stack | Y73: 持續回合數 | Z73: effective_turn | AA73: effective_currenthp_higher | AB73: effective_currenthp_lower | AC73: invisible | AD73: set_info | AE73: set_effective_count
A74: 6001 | B74: 殲滅套裝x2 | C74: 兩件攻擊力+10% / 魔攻+10%，三件爆擊率+15%，六件敏捷+5% | H74: 0.1 | I74: 0.1 | L74: 0.15 | W74: =FALSE() -> FALSE | X74: 1 | Y74: 9999 | AC74: 1 | AD74: 殲滅的 | AE74: 2
A75: 6001 | B75: 殲滅套裝x3 | C75: 兩件攻擊力+10% / 魔攻+10%，三件爆擊率+15%，六件敏捷+5% | H75: 0.1 | I75: 0.1 | L75: 0.15 | W75: =FALSE() -> FALSE | X75: 1 | Y75: 9999 | AC75: 1 | AD75: 殲滅的 | AE75: 3
A76: 6001 | B76: 殲滅套裝x6 | C76: 兩件攻擊力+10% / 魔攻+10%，三件爆擊率+15%，六件敏捷+5% | H76: 0.1 | I76: 0.1 | O76: 0.05 | W76: =FALSE() -> FALSE | X76: 1 | Y76: 9999 | AC76: 1 | AD76: 殲滅的 | AE76: 6
A77: 6002 | B77: 戰士套裝X2 | C77: 兩件防禦+15% ，三件攻擊+20%，六件技能傷害+10% | J77: 0.15 | W77: =FALSE() -> FALSE | X77: 1 | Y77: 9999 | AC77: 1 | AD77: 戰士的 | AE77: 2
A78: 6002 | B78: 戰士套裝X3 | C78: 兩件防禦+15% ，三件攻擊+20%，六件技能傷害+10% | H78: 0.2 | J78: 0.15 | W78: =FALSE() -> FALSE | X78: 1 | Y78: 9999 | AC78: 1 | AD78: 戰士的 | AE78: 3
A79: 6002 | B79: 戰士套裝X6 | C79: 兩件防禦+15% ，三件攻擊+20%，六件技能傷害+10% | H79: 0.2 | J79: 0.15 | S79: 0.1 | W79: =FALSE() -> FALSE | X79: 1 | Y79: 9999 | AC79: 1 | AD79: 戰士的 | AE79: 6
A80: 6003 | B80: 尖刺套裝X2 | C80: 兩件防禦+20% ，三件魔防+20%，傷害反射+15% | J80: 0.2 | W80: =FALSE() -> FALSE | X80: 1 | Y80: 9999 | AC80: 1 | AD80: 尖刺的 | AE80: 2
A81: 6003 | B81: 尖刺套裝X3 | C81: 兩件防禦+20% ，三件魔防+20%，傷害反射+15% | J81: 0.2 | K81: 0.2 | W81: =FALSE() -> FALSE | X81: 1 | Y81: 9999 | AC81: 1 | AD81: 尖刺的 | AE81: 3
A82: 6003 | B82: 尖刺套裝X6 | C82: 兩件防禦+20% ，三件魔防+20%，傷害反射+15% | J82: 0.2 | K82: 0.2 | P82: 0.15 | W82: =FALSE() -> FALSE | X82: 1 | Y82: 9999 | AC82: 1 | AD82: 尖刺的 | AE82: 6
A83: 6004 | B83: 魔導套裝X2 | C83: 兩件魔防+15% ，三件魔攻+20%，六件技能傷害+10% | K83: 0.15 | W83: =FALSE() -> FALSE | X83: 1 | Y83: 9999 | AC83: 1 | AD83: 魔導的 | AE83: 2
A84: 6004 | B84: 魔導套裝X3 | C84: 兩件魔防+15% ，三件魔攻+20%，六件技能傷害+10% | I84: 0.2 | K84: 0.15 | W84: =FALSE() -> FALSE | X84: 1 | Y84: 9999 | AC84: 1 | AD84: 魔導的 | AE84: 3
A85: 6004 | B85: 魔導套裝X6 | C85: 兩件魔防+15% ，三件魔攻+20%，六件技能傷害+10% | I85: 0.2 | K85: 0.15 | S85: 0.1 | W85: =FALSE() -> FALSE | X85: 1 | Y85: 9999 | AC85: 1 | AD85: 魔導的 | AE85: 6
A86: 6005 | B86: 致命套裝X2 | C86: 兩件爆擊機率+10%,，三件技能傷害+8%，六件爆擊爆傷+30%) | L86: 0.1 | W86: =FALSE() -> FALSE | X86: 1 | Y86: 9999 | AC86: 1 | AD86: 致命的 | AE86: 2
A87: 6005 | B87: 致命套裝X3 | C87: 兩件爆擊機率+10%,，三件技能傷害+8%，六件爆擊爆傷+30%) | L87: 0.1 | S87: 0.08 | W87: =FALSE() -> FALSE | X87: 1 | Y87: 9999 | AC87: 1 | AD87: 致命的 | AE87: 3
A88: 6005 | B88: 致命套裝X6 | C88: 兩件爆擊機率+10%,，三件技能傷害+8%，六件爆擊爆傷+30%) | L88: 0.1 | Q88: 0.3 | S88: 0.08 | W88: =FALSE() -> FALSE | X88: 1 | Y88: 9999 | AC88: 1 | AD88: 致命的 | AE88: 6
A89: 6006 | B89: 抵抗套裝X2 | C89: 受到傷害減少+10%,，三件爆擊抗性+20%，六件爆擊傷害抗性+45%) | V89: 0.1 | W89: =FALSE() -> FALSE | X89: 1 | Y89: 9999 | AC89: 1 | AD89: 抵抗的 | AE89: 2
A90: 6006 | B90: 抵抗套裝X3 | C90: 受到傷害減少+10%,，三件爆擊抗性+20%，六件爆擊傷害抗性+45%) | N90: 0.2 | V90: 0.1 | W90: =FALSE() -> FALSE | X90: 1 | Y90: 9999 | AC90: 1 | AD90: 抵抗的 | AE90: 3
A91: 6006 | B91: 抵抗套裝X6 | C91: 受到傷害減少+10%,，三件爆擊抗性+20%，六件爆擊傷害抗性+45%) | N91: 0.2 | R91: 0.45 | V91: 0.1 | W91: =FALSE() -> FALSE | X91: 1 | Y91: 9999 | AC91: 1 | AD91: 抵抗的 | AE91: 6
A92: 6007 | B92: 逆轉套裝X6 | C92: 六件戰鬥第5回合後獲得逆轉效果(攻擊力/魔攻+80%持續5回合) | D92: 3018 | H92: 0.8 | I92: 0.8 | W92: =FALSE() -> FALSE | X92: 1 | Y92: 5 | AD92: 逆襲的 | AE92: 6
A93: 6008 | B93: 奇襲套裝X6 | C93: 六件戰鬥第2回合後獲得奇襲效果(爆擊率+100%持續3回合) | D93: 3019 | L93: 1 | W93: =FALSE() -> FALSE | X93: 1 | Y93: 3 | AD93: 奇襲的 | AE93: 6
A94: 6009 | B94: 炙熱套裝X3 | C94: 僅對火屬性生效，三件攻擊魔攻+20%，六件爆擊率+5% / 敏捷+10% | G94: 2 | H94: 0.2 | I94: 0.2 | W94: =FALSE() -> FALSE | X94: 1 | Y94: 9999 | AC94: 1 | AD94: 炙熱的 | AE94: 3
A95: 6009 | B95: 炙熱套裝X6 | C95: 僅對火屬性生效，三件攻擊魔攻+20%，六件爆擊率+5% / 敏捷+10% | G95: 2 | H95: 0.2 | I95: 0.2 | L95: 0.05 | O95: 0.1 | W95: =FALSE() -> FALSE | X95: 1 | Y95: 9999 | AC95: 1 | AD95: 炙熱的 | AE95: 6
A96: 6010 | B96: 水紋套裝X3 | C96: 僅對水屬性生效，三件攻擊魔攻+20%，六件爆擊率+5% / 敏捷+10% | G96: 1 | H96: 0.2 | I96: 0.2 | W96: =FALSE() -> FALSE | X96: 1 | Y96: 9999 | AC96: 1 | AD96: 水紋的 | AE96: 3
A97: 6010 | B97: 水紋套裝X6 | C97: 僅對水屬性生效，三件攻擊魔攻+20%，六件爆擊率+5% / 敏捷+10% | G97: 1 | H97: 0.2 | I97: 0.2 | L97: 0.05 | O97: 0.1 | W97: =FALSE() -> FALSE | X97: 1 | Y97: 9999 | AC97: 1 | AD97: 水紋的 | AE97: 6
A98: 6011 | B98: 木訥套裝X3 | C98: 僅對木屬性生效，三件攻擊魔攻+20%，六件爆擊率+5% / 敏捷+10% | G98: 3 | H98: 0.2 | I98: 0.2 | W98: =FALSE() -> FALSE | X98: 1 | Y98: 9999 | AC98: 1 | AD98: 木訥的 | AE98: 3
A99: 6011 | B99: 木訥套裝X6 | C99: 僅對木屬性生效，三件攻擊魔攻+20%，六件爆擊率+5% / 敏捷+10% | G99: 3 | H99: 0.2 | I99: 0.2 | L99: 0.05 | O99: 0.1 | W99: =FALSE() -> FALSE | X99: 1 | Y99: 9999 | AC99: 1 | AD99: 木訥的 | AE99: 6
A107: buff_id | B107: buff名稱 | C107: buff_info | D107: #備註用 | E107: buff_exchange | F107: tag | G107: element | H107: ATK | I107: MATK | J107: DEF | K107: MDEF | L107: CRI | M107: MP | N107: cri_resist | O107: AGI | P107: damage_reflect | Q107: cri_damage | R107: cri_damage_resist | S107: skill_rate | T107: skill_resist | U107: damage_increase | V107: damage_reduce | W107: reflashAble | X107: max_stack | Y107: 持續回合數 | AC107: invisible | AD107: set_info | AE107: set_effective_count
A108: 7001 | B108: 火焰寶石LV.1 | C108: ="戰鬥開始時裝備者的攻擊增加"&H108*100&"%" -> 戰鬥開始時裝備者的攻擊增加2% | H108: 0.02 | W108: =FALSE() -> FALSE | X108: 1 | Y108: 9999 | AC108: 1
A109: 7002 | B109: 火焰寶石LV.2 | C109: ="戰鬥開始時裝備者的攻擊增加"&H109*100&"%" -> 戰鬥開始時裝備者的攻擊增加3% | H109: =H108+0.01 -> 0.03 | W109: =FALSE() -> FALSE | X109: 1 | Y109: 9999 | AC109: 1
A110: 7003 | B110: 火焰寶石LV.3 | C110: ="戰鬥開始時裝備者的攻擊增加"&H110*100&"%" -> 戰鬥開始時裝備者的攻擊增加4% | H110: =H109+0.01 -> 0.04 | W110: =FALSE() -> FALSE | X110: 1 | Y110: 9999 | AC110: 1
A111: 7004 | B111: 火焰寶石LV.4 | C111: ="戰鬥開始時裝備者的攻擊增加"&H111*100&"%" -> 戰鬥開始時裝備者的攻擊增加5% | H111: =H110+0.01 -> 0.05 | W111: =FALSE() -> FALSE | X111: 1 | Y111: 9999 | AC111: 1
A112: 7005 | B112: 火焰寶石LV.5 | C112: ="戰鬥開始時裝備者的攻擊增加"&H112*100&"%" -> 戰鬥開始時裝備者的攻擊增加6% | H112: =H111+0.01 -> 0.06 | W112: =FALSE() -> FALSE | X112: 1 | Y112: 9999 | AC112: 1
A113: 7006 | B113: 火焰寶石LV.6 | C113: ="戰鬥開始時裝備者的攻擊增加"&H113*100&"%" -> 戰鬥開始時裝備者的攻擊增加7% | H113: =H112+0.01 -> 0.07 | W113: =FALSE() -> FALSE | X113: 1 | Y113: 9999 | AC113: 1
A114: 7007 | B114: 火焰寶石LV.7 | C114: ="戰鬥開始時裝備者的攻擊增加"&H114*100&"%" -> 戰鬥開始時裝備者的攻擊增加9.% | H114: =H113+0.02 -> 0.09 | W114: =FALSE() -> FALSE | X114: 1 | Y114: 9999 | AC114: 1
...

Sheet card
A2: 角色id | B2: 角色名稱 | C2: rare | D2: type | E2: 體系 | F2: equipment_type | G2: tag | H2: resist_buff | I2: skill0_id | J2: skill1_id | K2: skill2_id | L2: element | M2: role_ addition | N2: hp | O2: atk | P2: matk | Q2: def | R2: mdef | S2: mp | T2: agi | U2: 重生回合數 | V2: #六維 | W2: capture_rate | X2: exchange_id | Y2: exchange_amount | Z2: star_refine_id | AA2: star_cost_id | AB2: star1_skill1 | AC2: star2_skill1 | AD2: star3_skill1 | AE2: star4_skill1 | AF2: star5_skill1 | AG2: star1_skill2 | AH2: star2_skill2 | AI2: star3_skill2 | AJ2: star4_skill2 | AK2: star5_skill2
A3: 10001 | B3: 火之迦具土 | C3: SSR | D3: weapon | F3: ="1,1" -> 1,1 | G3: ="56,58,17,13,3,6,18" -> 56,58,17,13,3,6,18 | I3: 110012 | J3: =A3+200000 -> 210001 | K3: =J3+100000 -> 310001 | L3: 2 | N3: 660 | O3: 14 | P3: 97 | Q3: 32 | R3: 55 | S3: 179 | T3: 19 | V3: =N3*0.5+O3+P3+Q3+R3+S3+T3*5 -> 802 | X3: 9101 | Y3: =IF(C3="SSR",30,IF(C3="SR",10,IF(C3="R",5))) -> 30 | Z3: =IF(C3="SSR",IF(P3>O3,"901","900"),IF(C3="SR",IF(P3>O3,"902","903" ),IF(C3="R",IF(P3>O3,"904","905" )))) -> 901 | AA3: 900 | AB3: =J3+1000 -> 211001 | AC3: =AB3+1000 -> 212001 | AD3: =AC3+1000 -> 213001 | AE3: =AD3+1000 -> 214001 | AF3: =AE3+1000 -> 215001 | AG3: =K3+1000 -> 311001 | AH3: =AG3+1000 -> 312001 | AI3: =AH3+1000 -> 313001 | AJ3: =AI3+1000 -> 314001 | AK3: =AJ3+1000 -> 315001
A4: =A3+1 -> 10002 | B4: 童子切安綱 | C4: SSR | D4: weapon | F4: ="1,1" -> 1,1 | G4: ="56,58,17,13,2,23,24" -> 56,58,17,13,2,23,24 | I4: 110011 | J4: =A4+200000 -> 210002 | K4: =J4+100000 -> 310002 | L4: 1 | N4: 700 | O4: 16 | P4: 85 | Q4: 37 | R4: 65 | S4: 248 | T4: 17 | V4: =N4*0.5+O4+P4+Q4+R4+S4+T4*5 -> 886 | X4: 9102 | Y4: =IF(C4="SSR",30,IF(C4="SR",10,IF(C4="R",5))) -> 30 | Z4: =IF(C4="SSR",IF(P4>O4,"901","900"),IF(C4="SR",IF(P4>O4,"902","903" ),IF(C4="R",IF(P4>O4,"904","905" )))) -> 901 | AA4: 900 | AB4: =AB3+1 -> 211002 | AC4: =AC3+1 -> 212002 | AD4: =AD3+1 -> 213002 | AE4: =AE3+1 -> 214002 | AF4: =AF3+1 -> 215002 | AG4: =AG3+1 -> 311002 | AH4: =AH3+1 -> 312002 | AI4: =AI3+1 -> 313002 | ... AK4: =AK3+1 -> 315002
A5: =A4+1 -> 10003 | B5: 村雨 | C5: SSR | D5: weapon | F5: ="1,1" -> 1,1 | G5: ="56,58,14,8,25,26" -> 56,58,14,8,25,26 | I5: 110011 | J5: =A5+200000 -> 210003 | K5: =J5+100000 -> 310003 | L5: 1 | N5: 750 | O5: 22 | P5: 81 | Q5: 44 | R5: 43 | S5: 126 | T5: 16 | V5: =N5*0.5+O5+P5+Q5+R5+S5+T5*5 -> 771 | X5: 9103 | Y5: =IF(C5="SSR",30,IF(C5="SR",10,IF(C5="R",5))) -> 30 | Z5: =IF(C5="SSR",IF(P5>O5,"901","900"),IF(C5="SR",IF(P5>O5,"902","903" ),IF(C5="R",IF(P5>O5,"904","905" )))) -> 901 | AA5: 900 | AB5: =AB4+1 -> 211003 | AC5: =AC4+1 -> 212003 | AD5: =AD4+1 -> 213003 | AE5: =AE4+1 -> 214003 | AF5: =AF4+1 -> 215003 | AG5: =AG4+1 -> 311003 | AH5: =AH4+1 -> 312003 | AI5: =AI4+1 -> 313003 | ... AK5: =AK4+1 -> 315003
A6: =A5+1 -> 10004 | B6: 隆基努斯槍 | C6: SSR | D6: weapon | F6: ="1,1" -> 1,1 | G6: 57,12,13,1,2,3 | I6: 110002 | J6: =A6+200000 -> 210004 | K6: =J6+100000 -> 310004 | L6: 3 | N6: 680 | O6: 91 | P6: 12 | Q6: 58 | R6: 40 | S6: 124 | T6: 15 | V6: =N6*0.5+O6+P6+Q6+R6+S6+T6*5 -> 740 | X6: 9104 | Y6: =IF(C6="SSR",30,IF(C6="SR",10,IF(C6="R",5))) -> 30 | Z6: =IF(C6="SSR",IF(P6>O6,"901","900"),IF(C6="SR",IF(P6>O6,"902","903" ),IF(C6="R",IF(P6>O6,"904","905" )))) -> 900 | AA6: 900 | AB6: =AB5+1 -> 211004 | AC6: =AC5+1 -> 212004 | AD6: =AD5+1 -> 213004 | AE6: =AE5+1 -> 214004 | AF6: =AF5+1 -> 215004 | AG6: =AG5+1 -> 311004 | AH6: =AH5+1 -> 312004 | AI6: =AI5+1 -> 313004 | ... AK6: =AK5+1 -> 315004
A7: =A6+1 -> 10005 | B7: 村正 | C7: SSR | D7: weapon | F7: ="1,1" -> 1,1 | G7: ="56,58,12,13,3,1,2" -> 56,58,12,13,3,1,2 | I7: 110001 | J7: =A7+200000 -> 210005 | K7: =J7+100000 -> 310005 | L7: 2 | N7: 690 | O7: 88 | P7: 21 | Q7: 62 | R7: 49 | S7: 126 | T7: 17 | V7: =N7*0.5+O7+P7+Q7+R7+S7+T7*5 -> 776 | X7: 9105 | Y7: =IF(C7="SSR",30,IF(C7="SR",10,IF(C7="R",5))) -> 30 | Z7: =IF(C7="SSR",IF(P7>O7,"901","900"),IF(C7="SR",IF(P7>O7,"902","903" ),IF(C7="R",IF(P7>O7,"904","905" )))) -> 900 | AA7: 900 | AB7: =AB6+1 -> 211005 | AC7: =AC6+1 -> 212005 | AD7: =AD6+1 -> 213005 | AE7: =AE6+1 -> 214005 | AF7: =AF6+1 -> 215005 | AG7: =AG6+1 -> 311005 | AH7: =AH6+1 -> 312005 | AI7: =AI6+1 -> 313005 | ... AK7: =AK6+1 -> 315005
A8: =A7+1 -> 10006 | B8: 天叢雲劍 | C8: SSR | D8: weapon | F8: ="1,1" -> 1,1 | G8: ="56,58,18,5,8,15" -> 56,58,18,5,8,15 | I8: 110012 | J8: =A8+200000 -> 210006 | K8: =J8+100000 -> 310006 | L8: 1 | N8: 930 | O8: 13 | P8: 59 | Q8: 59 | R8: 75 | S8: 231 | T8: 13 | V8: =N8*0.5+O8+P8+Q8+R8+S8+T8*5 -> 967 | X8: 9106 | Y8: =IF(C8="SSR",30,IF(C8="SR",10,IF(C8="R",5))) -> 30 | Z8: =IF(C8="SSR",IF(P8>O8,"901","900"),IF(C8="SR",IF(P8>O8,"902","903" ),IF(C8="R",IF(P8>O8,"904","905" )))) -> 901 | AA8: 900 | AB8: =AB7+1 -> 211006 | AC8: =AC7+1 -> 212006 | AD8: =AD7+1 -> 213006 | AE8: =AE7+1 -> 214006 | AF8: =AF7+1 -> 215006 | AG8: =AG7+1 -> 311006 | AH8: =AH7+1 -> 312006 | AI8: =AI7+1 -> 313006 | ... AK8: =AK7+1 -> 315006
A9: =A8+1 -> 10007 | B9: 干將莫邪 | C9: SSR | D9: weapon | F9: ="1,1" -> 1,1 | G9: ="58,12,11,20,1" -> 58,12,11,20,1 | I9: 110011 | J9: =A9+200000 -> 210007 | K9: =J9+100000 -> 310007 | L9: 3 | N9: 820 | O9: 71 | P9: 22 | Q9: 66 | R9: 55 | S9: 199 | T9: 13 | V9: =N9*0.5+O9+P9+Q9+R9+S9+T9*5 -> 888 | X9: 9107 | Y9: =IF(C9="SSR",30,IF(C9="SR",10,IF(C9="R",5))) -> 30 | Z9: =IF(C9="SSR",IF(P9>O9,"901","900"),IF(C9="SR",IF(P9>O9,"902","903" ),IF(C9="R",IF(P9>O9,"904","905" )))) -> 900 | AA9: 900 | AB9: =AB8+1 -> 211007 | AC9: =AC8+1 -> 212007 | AD9: =AD8+1 -> 213007 | AE9: =AE8+1 -> 214007 | AF9: =AF8+1 -> 215007 | AG9: =AG8+1 -> 311007 | AH9: =AH8+1 -> 312007 | AI9: =AI8+1 -> 313007 | ... AK9: =AK8+1 -> 315007
A10: 10008 | B10: 埃斯卡利巴 | C10: SSR | D10: weapon | F10: ="1,1" -> 1,1 | G10: 59,18,13,5,9,17 | I10: 110012 | J10: 210008 | K10: 310008 | L10: 3 | N10: 640 | O10: 19 | P10: 89 | Q10: 41 | R10: 55 | S10: 242 | T10: 14 | V10: =N10*0.5+O10+P10+Q10+R10+S10+T10*5 -> 836 | X10: 9108 | Y10: =IF(C10="SSR",30,IF(C10="SR",10,IF(C10="R",5))) -> 30 | Z10: =IF(C10="SSR",IF(P10>O10,"901","900"),IF(C10="SR",IF(P10>O10,"902","903" ),IF(C10="R",IF(P10>O10,"904","905" )))) -> 901 | AA10: 900 | AB10: =AB9+1 -> 211008 | AC10: =AC9+1 -> 212008 | AD10: =AD9+1 -> 213008 | AE10: =AE9+1 -> 214008 | AF10: =AF9+1 -> 215008 | AG10: =AG9+1 -> 311008 | AH10: =AH9+1 -> 312008 | AI10: =AI9+1 -> 313008 | ... AK10: =AK9+1 -> 315008
A11: 10009 | B11: 布都御魂 | C11: SSR | D11: weapon | F11: ="1,1" -> 1,1 | G11: ="56,60,18,15,25,26" -> 56,60,18,15,25,26 | I11: 110001 | J11: 210009 | K11: 310009 | L11: 1 | N11: 655 | O11: 93 | P11: 13 | Q11: 58 | R11: 40 | S11: 155 | T11: 19 | V11: =N11*0.5+O11+P11+Q11+R11+S11+T11*5 -> 781.5 | X11: 9109 | Y11: =IF(C11="SSR",30,IF(C11="SR",10,IF(C11="R",5))) -> 30 | Z11: =IF(C11="SSR",IF(P11>O11,"901","900"),IF(C11="SR",IF(P11>O11,"902","903" ),IF(C11="R",IF(P11>O11,"904","905" )))) -> 900 | AA11: 900 | AB11: =AB10+1 -> 211009 | AC11: =AC10+1 -> 212009 | AD11: =AD10+1 -> 213009 | AE11: =AE10+1 -> 214009 | AF11: =AF10+1 -> 215009 | AG11: =AG10+1 -> 311009 | AH11: =AH10+1 -> 312009 | AI11: =AI10+1 -> 313009 | ... AK11: =AK10+1 -> 315009
A12: 10010 | B12: 提爾鋒 | C12: SSR | D12: weapon | F12: ="1,1" -> 1,1 | G12: 61,18,5,9,20 | I12: 110001 | J12: 210010 | K12: 310010 | L12: 2 | N12: 680 | O12: 87 | P12: 22 | Q12: 59 | R12: 48 | S12: 192 | T12: 12 | V12: =N12*0.5+O12+P12+Q12+R12+S12+T12*5 -> 808 | X12: 9110 | Y12: =IF(C12="SSR",30,IF(C12="SR",10,IF(C12="R",5))) -> 30 | Z12: =IF(C12="SSR",IF(P12>O12,"901","900"),IF(C12="SR",IF(P12>O12,"902","903" ),IF(C12="R",IF(P12>O12,"904","905" )))) -> 900 | AA12: 900 | AB12: =AB11+1 -> 211010 | AC12: =AC11+1 -> 212010 | AD12: =AD11+1 -> 213010 | AE12: =AE11+1 -> 214010 | AF12: =AF11+1 -> 215010 | AG12: =AG11+1 -> 311010 | AH12: =AH11+1 -> 312010 | AI12: =AI11+1 -> 313010 | ... AK12: =AK11+1 -> 315010
A13: 10011 | B13: 真十字架 | C13: SSR | D13: weapon | F13: ="1,1" -> 1,1 | G13: 59,12,15,10,22 | I13: 110001 | J13: 210011 | K13: 310011 | L13: 1 | N13: 930 | O13: 61 | P13: 13 | Q13: 77 | R13: 57 | S13: 120 | T13: 11 | U13: 3 | V13: =N13*0.5+O13+P13+Q13+R13+S13+T13*5 -> 848 | X13: 9111 | Y13: =IF(C13="SSR",30,IF(C13="SR",10,IF(C13="R",5))) -> 30 | Z13: =IF(C13="SSR",IF(P13>O13,"901","900"),IF(C13="SR",IF(P13>O13,"902","903" ),IF(C13="R",IF(P13>O13,"904","905" )))) -> 900 | AA13: 900 | AB13: =AB12+1 -> 211011 | AC13: =AC12+1 -> 212011 | AD13: =AD12+1 -> 213011 | AE13: =AE12+1 -> 214011 | AF13: =AF12+1 -> 215011 | AG13: =AG12+1 -> 311011 | AH13: =AH12+1 -> 312011 | AI13: =AI12+1 -> 313011 | ... AK13: =AK12+1 -> 315011
A14: 10012 | B14: 阿斯卡隆 | C14: SSR | D14: weapon | F14: ="1,1" -> 1,1 | G14: 60,14,15,22,8 | I14: 110012 | J14: 210012 | K14: 310012 | L14: 1 | N14: 690 | O14: 16 | P14: 79 | Q14: 49 | R14: 57 | S14: 191 | T14: 13 | V14: =N14*0.5+O14+P14+Q14+R14+S14+T14*5 -> 802 | X14: 9112 | Y14: =IF(C14="SSR",30,IF(C14="SR",10,IF(C14="R",5))) -> 30 | Z14: =IF(C14="SSR",IF(P14>O14,"901","900"),IF(C14="SR",IF(P14>O14,"902","903" ),IF(C14="R",IF(P14>O14,"904","905" )))) -> 901 | AA14: 900 | AB14: =AB13+1 -> 211012 | AC14: =AC13+1 -> 212012 | AD14: =AD13+1 -> 213012 | AE14: =AE13+1 -> 214012 | AF14: =AF13+1 -> 215012 | AG14: =AG13+1 -> 311012 | AH14: =AH13+1 -> 312012 | AI14: =AI13+1 -> 313012 | ... AK14: =AK13+1 -> 315012
A15: 10013 | B15: 鬼丸國綱 | C15: SR | D15: weapon | F15: ="1,1" -> 1,1 | G15: 56,16,13,2,1 | I15: 110002 | J15: 210013 | K15: 310013 | L15: 2 | N15: 555 | O15: 70 | P15: 17 | Q15: 50 | R15: 39 | S15: 84 | T15: 10 | V15: =N15*0.5+O15+P15+Q15+R15+S15+T15*5 -> 587.5 | X15: 9113 | Y15: =IF(C15="SSR",30,IF(C15="SR",10,IF(C15="R",5))) -> 10 | Z15: =IF(C15="SSR",IF(P15>O15,"901","900"),IF(C15="SR",IF(P15>O15,"902","903" ),IF(C15="R",IF(P15>O15,"904","905" )))) -> 903 | AA15: 900 | AB15: =J15 -> 210013 | AC15: =AB15 -> 210013 | AD15: =AC15 -> 210013 | AE15: =AD15 -> 210013 | AF15: =AD15 -> 210013 | AG15: =K15 -> 310013 | AH15: =AG15 -> 310013 | AI15: =AH15 -> 310013 | AJ15: =AI15 -> 310013 | AK15: =AI15 -> 310013
A16: 10014 | B16: 阿隆戴特 | C16: SR | D16: weapon | F16: ="1,1" -> 1,1 | G16: 56,16,13,4,52 | I16: 110002 | J16: 210014 | K16: 310014 | L16: 3 | N16: 570 | O16: 68 | P16: 16 | Q16: 53 | R16: 31 | S16: 85 | T16: 10 | V16: =N16*0.5+O16+P16+Q16+R16+S16+T16*5 -> 588 | X16: 9114 | Y16: =IF(C16="SSR",30,IF(C16="SR",10,IF(C16="R",5))) -> 10 | Z16: =IF(C16="SSR",IF(P16>O16,"901","900"),IF(C16="SR",IF(P16>O16,"902","903" ),IF(C16="R",IF(P16>O16,"904","905" )))) -> 903 | AA16: 900 | AB16: =J16 -> 210014 | AC16: =AB16 -> 210014 | AD16: =AC16 -> 210014 | AE16: =AD16 -> 210014 | AF16: =AD16 -> 210014 | AG16: =K16 -> 310014 | AH16: =AG16 -> 310014 | AI16: =AH16 -> 310014 | AJ16: =AI16 -> 310014 | AK16: =AI16 -> 310014
A17: 10015 | B17: 哈迪斯之盔 | C17: SR | D17: weapon | F17: ="1,1" -> 1,1 | G17: 58,17,15,51,10 | I17: 110011 | J17: 210015 | K17: 310015 | L17: 1 | N17: 795 | O17: 55 | P17: 12 | Q17: 69 | R17: 51 | S17: 167 | T17: 9 | V17: =N17*0.5+O17+P17+Q17+R17+S17+T17*5 -> 796.5 | X17: 9115 | Y17: =IF(C17="SSR",30,IF(C17="SR",10,IF(C17="R",5))) -> 10 | Z17: =IF(C17="SSR",IF(P17>O17,"901","900"),IF(C17="SR",IF(P17>O17,"902","903" ),IF(C17="R",IF(P17>O17,"904","905" )))) -> 903 | AA17: 900 | AB17: =J17 -> 210015 | AC17: =AB17 -> 210015 | AD17: =AC17 -> 210015 | AE17: =AD17 -> 210015 | AF17: =AD17 -> 210015 | AG17: =K17 -> 310015 | AH17: =AG17 -> 310015 | AI17: =AH17 -> 310015 | AJ17: =AI17 -> 310015 | AK17: =AI17 -> 310015
A18: 10016 | B18: 封印之書 | C18: SR | D18: weapon | F18: ="1,1" -> 1,1 | G18: 58,17,51,20 | I18: 110011 | J18: =J17+1 -> 210016 | K18: =K17+1 -> 310016 | L18: 3 | N18: 510 | O18: 15 | P18: 69 | Q18: 32 | R18: 42 | S18: 174 | T18: 11 | V18: =N18*0.5+O18+P18+Q18+R18+S18+T18*5 -> 642 | X18: 9116 | Y18: =IF(C18="SSR",30,IF(C18="SR",10,IF(C18="R",5))) -> 10 | Z18: =IF(C18="SSR",IF(P18>O18,"901","900"),IF(C18="SR",IF(P18>O18,"902","903" ),IF(C18="R",IF(P18>O18,"904","905" )))) -> 902 | AA18: 900 | AB18: =J18 -> 210016 | AC18: =AB18 -> 210016 | AD18: =AC18 -> 210016 | AE18: =AD18 -> 210016 | AF18: =AD18 -> 210016 | AG18: =K18 -> 310016 | AH18: =AG18 -> 310016 | AI18: =AH18 -> 310016 | AJ18: =AI18 -> 310016 | AK18: =AI18 -> 310016
A19: 10017 | B19: 永恆聖鏡 | C19: SR | D19: weapon | F19: ="1,1" -> 1,1 | G19: 57,17,15,52,10 | I19: 110012 | J19: =J18+1 -> 210017 | K19: =K18+1 -> 310017 | L19: 3 | N19: 615 | O19: 12 | P19: 66 | Q19: 36 | R19: 35 | S19: 83 | T19: 12 | V19: =N19*0.5+O19+P19+Q19+R19+S19+T19*5 -> 599.5 | X19: 9117 | Y19: =IF(C19="SSR",30,IF(C19="SR",10,IF(C19="R",5))) -> 10 | Z19: =IF(C19="SSR",IF(P19>O19,"901","900"),IF(C19="SR",IF(P19>O19,"902","903" ),IF(C19="R",IF(P19>O19,"904","905" )))) -> 902 | AA19: 900 | AB19: =J19 -> 210017 | AC19: =AB19 -> 210017 | AD19: =AC19 -> 210017 | AE19: =AD19 -> 210017 | AF19: =AD19 -> 210017 | AG19: =K19 -> 310017 | AH19: =AG19 -> 310017 | AI19: =AH19 -> 310017 | AJ19: =AI19 -> 310017 | AK19: =AI19 -> 310017
A20: 10018 | B20: 熔岩之鼎 | C20: SR | D20: weapon | F20: ="1,1" -> 1,1 | G20: 57,17,13,18,53 | I20: 110012 | J20: =J19+1 -> 210018 | K20: =K19+1 -> 310018 | L20: 2 | N20: 530 | O20: 15 | P20: 57 | Q20: 32 | R20: 42 | S20: 174 | T20: 8 | V20: =N20*0.5+O20+P20+Q20+R20+S20+T20*5 -> 625 | X20: 9118 | Y20: =IF(C20="SSR",30,IF(C20="SR",10,IF(C20="R",5))) -> 10 | Z20: =IF(C20="SSR",IF(P20>O20,"901","900"),IF(C20="SR",IF(P20>O20,"902","903" ),IF(C20="R",IF(P20>O20,"904","905" )))) -> 902 | AA20: 900 | AB20: =J20 -> 210018 | AC20: =AB20 -> 210018 | AD20: =AC20 -> 210018 | AE20: =AD20 -> 210018 | AF20: =AD20 -> 210018 | AG20: =K20 -> 310018 | AH20: =AG20 -> 310018 | AI20: =AH20 -> 310018 | AJ20: =AI20 -> 310018 | AK20: =AI20 -> 310018
A21: 10019 | B21: 布里歐納克 | C21: SR | D21: weapon | F21: ="1,1" -> 1,1 | G21: 57,17,13,6,6 | I21: 110011 | J21: =J20+1 -> 210019 | K21: =K20+1 -> 310019 | L21: 1 | N21: 565 | O21: 18 | P21: 61 | Q21: 32 | R21: 42 | S21: 161 | T21: 9 | V21: =N21*0.5+O21+P21+Q21+R21+S21+T21*5 -> 641.5 | X21: 9119 | Y21: =IF(C21="SSR",30,IF(C21="SR",10,IF(C21="R",5))) -> 10 | Z21: =IF(C21="SSR",IF(P21>O21,"901","900"),IF(C21="SR",IF(P21>O21,"902","903" ),IF(C21="R",IF(P21>O21,"904","905" )))) -> 902 | AA21: 900 | AB21: =J21 -> 210019 | AC21: =AB21 -> 210019 | AD21: =AC21 -> 210019 | AE21: =AD21 -> 210019 | AF21: =AD21 -> 210019 | AG21: =K21 -> 310019 | AH21: =AG21 -> 310019 | AI21: =AH21 -> 310019 | AJ21: =AI21 -> 310019 | AK21: =AI21 -> 310019
A22: 10020 | B22: 美杜莎之盾 | C22: SR | D22: weapon | F22: ="1,1" -> 1,1 | G22: 59,17,15,20,9 | I22: 110011 | J22: =J21+1 -> 210020 | K22: =K21+1 -> 310020 | L22: 3 | N22: 730 | O22: 16 | P22: 49 | Q22: 53 | R22: 57 | S22: 153 | T22: 9 | V22: =N22*0.5+O22+P22+Q22+R22+S22+T22*5 -> 738 | X22: 9120 | Y22: =IF(C22="SSR",30,IF(C22="SR",10,IF(C22="R",5))) -> 10 | Z22: =IF(C22="SSR",IF(P22>O22,"901","900"),IF(C22="SR",IF(P22>O22,"902","903" ),IF(C22="R",IF(P22>O22,"904","905" )))) -> 902 | AA22: 900 | AB22: =J22 -> 210020 | AC22: =AB22 -> 210020 | AD22: =AC22 -> 210020 | AE22: =AD22 -> 210020 | AF22: =AD22 -> 210020 | AG22: =K22 -> 310020 | AH22: =AG22 -> 310020 | AI22: =AH22 -> 310020 | AJ22: =AI22 -> 310020 | AK22: =AI22 -> 310020
A23: 10021 | B23: 赫格尼之劍 | C23: SR | D23: weapon | F23: ="1,1" -> 1,1 | G23: 58,16,13,51,4 | I23: 110002 | J23: =J22+1 -> 210021 | K23: =K22+1 -> 310021 | L23: 1 | N23: 590 | O23: 57 | P23: 12 | Q23: 42 | R23: 27 | S23: 87 | T23: 10 | V23: =N23*0.5+O23+P23+Q23+R23+S23+T23*5 -> 570 | X23: 9121 | Y23: =IF(C23="SSR",30,IF(C23="SR",10,IF(C23="R",5))) -> 10 | Z23: =IF(C23="SSR",IF(P23>O23,"901","900"),IF(C23="SR",IF(P23>O23,"902","903" ),IF(C23="R",IF(P23>O23,"904","905" )))) -> 903 | AA23: 900 | AB23: =J23 -> 210021 | AC23: =AB23 -> 210021 | AD23: =AC23 -> 210021 | AE23: =AD23 -> 210021 | AF23: =AD23 -> 210021 | AG23: =K23 -> 310021 | AH23: =AG23 -> 310021 | AI23: =AH23 -> 310021 | AJ23: =AI23 -> 310021 | AK23: =AI23 -> 310021
A24: 10022 | B24: 堅鐵長矛 | C24: R | D24: weapon | F24: ="1,1" -> 1,1 | G24: 16,13,4 | I24: 110001 | J24: =J23+1 -> 210022 | K24: =K23+1 -> 310022 | L24: 2 | N24: 500 | O24: 48 | P24: 10 | Q24: 36 | R24: 23 | S24: 48 | T24: 8 | V24: =N24*0.5+O24+P24+Q24+R24+S24+T24*5 -> 455 | X24: 9122 | Y24: =IF(C24="SSR",30,IF(C24="SR",10,IF(C24="R",5))) -> 5 | Z24: =IF(C24="SSR",IF(P24>O24,"901","900"),IF(C24="SR",IF(P24>O24,"902","903" ),IF(C24="R",IF(P24>O24,"904","905" )))) -> 905 | AA24: 900 | AB24: =J24 -> 210022 | AC24: =AB24 -> 210022 | AD24: =AC24 -> 210022 | AE24: =AD24 -> 210022 | AF24: =AD24 -> 210022 | AG24: =K24 -> 310022 | AH24: =AG24 -> 310022 | AI24: =AH24 -> 310022 | AJ24: =AI24 -> 310022 | AK24: =AI24 -> 310022
A25: 10023 | B25: 尖刺短刀 | C25: R | D25: weapon | F25: ="1,1" -> 1,1 | G25: 16,13,2 | I25: 110002 | J25: =J24+1 -> 210023 | K25: =K24+1 -> 310023 | L25: 1 | N25: 480 | O25: 51 | P25: 12 | Q25: 33 | R25: 27 | S25: 54 | T25: 9 | V25: =N25*0.5+O25+P25+Q25+R25+S25+T25*5 -> 462 | X25: 9123 | Y25: =IF(C25="SSR",30,IF(C25="SR",10,IF(C25="R",5))) -> 5 | Z25: =IF(C25="SSR",IF(P25>O25,"901","900"),IF(C25="SR",IF(P25>O25,"902","903" ),IF(C25="R",IF(P25>O25,"904","905" )))) -> 905 | AA25: 900 | AB25: =J25 -> 210023 | AC25: =AB25 -> 210023 | AD25: =AC25 -> 210023 | AE25: =AD25 -> 210023 | AF25: =AD25 -> 210023 | AG25: =K25 -> 310023 | AH25: =AG25 -> 310023 | AI25: =AH25 -> 310023 | AJ25: =AI25 -> 310023 | AK25: =AI25 -> 310023
A26: 10024 | B26: 學徒法杖 | C26: R | D26: weapon | F26: ="1,1" -> 1,1 | G26: 61,17,6 | I26: 110011 | J26: =J25+1 -> 210024 | K26: =K25+1 -> 310024 | L26: 3 | N26: 460 | O26: 15 | P26: 55 | Q26: 19 | R26: 37 | S26: 110 | T26: 7 | V26: =N26*0.5+O26+P26+Q26+R26+S26+T26*5 -> 501 | X26: 9124 | Y26: =IF(C26="SSR",30,IF(C26="SR",10,IF(C26="R",5))) -> 5 | Z26: =IF(C26="SSR",IF(P26>O26,"901","900"),IF(C26="SR",IF(P26>O26,"902","903" ),IF(C26="R",IF(P26>O26,"904","905" )))) -> 904 | AA26: 900 | AB26: =J26 -> 210024 | AC26: =AB26 -> 210024 | AD26: =AC26 -> 210024 | AE26: =AD26 -> 210024 | AF26: =AD26 -> 210024 | AG26: =K26 -> 310024 | AH26: =AG26 -> 310024 | AI26: =AH26 -> 310024 | AJ26: =AI26 -> 310024 | AK26: =AI26 -> 310024
A27: 10025 | B27: 枯木魔杖 | C27: R | D27: weapon | F27: ="1,1" -> 1,1 | G27: 58,17,20,14,53 | I27: 110011 | J27: =J26+1 -> 210025 | K27: =K26+1 -> 310025 | L27: 2 | N27: 475 | O27: 15 | P27: 49 | Q27: 28 | R27: 39 | S27: 87 | T27: 7 | V27: =N27*0.5+O27+P27+Q27+R27+S27+T27*5 -> 490.5 | X27: 9125 | Y27: =IF(C27="SSR",30,IF(C27="SR",10,IF(C27="R",5))) -> 5 | Z27: =IF(C27="SSR",IF(P27>O27,"901","900"),IF(C27="SR",IF(P27>O27,"902","903" ),IF(C27="R",IF(P27>O27,"904","905" )))) -> 904 | AA27: 900 | AB27: =J27 -> 210025 | AC27: =AB27 -> 210025 | AD27: =AC27 -> 210025 | AE27: =AD27 -> 210025 | AF27: =AD27 -> 210025 | AG27: =K27 -> 310025 | AH27: =AG27 -> 310025 | AI27: =AH27 -> 310025 | AJ27: =AI27 -> 310025 | AK27: =AI27 -> 310025
A28: 10026 | B28: 十字堅盾 | C28: R | D28: weapon | F28: ="1,1" -> 1,1 | G28: 59,16,15,9,11 | I28: 110002 | J28: =J27+1 -> 210026 | K28: =K27+1 -> 310026 | L28: 1 | N28: 680 | O28: 44 | P28: 11 | Q28: 55 | R28: 43 | S28: 56 | T28: 6 | V28: =N28*0.5+O28+P28+Q28+R28+S28+T28*5 -> 579 | X28: 9126 | Y28: =IF(C28="SSR",30,IF(C28="SR",10,IF(C28="R",5))) -> 5 | Z28: =IF(C28="SSR",IF(P28>O28,"901","900"),IF(C28="SR",IF(P28>O28,"902","903" ),IF(C28="R",IF(P28>O28,"904","905" )))) -> 905 | AA28: 900 | AB28: =J28 -> 210026 | AC28: =AB28 -> 210026 | AD28: =AC28 -> 210026 | AE28: =AD28 -> 210026 | AF28: =AD28 -> 210026 | AG28: =K28 -> 310026 | AH28: =AG28 -> 310026 | AI28: =AH28 -> 310026 | AJ28: =AI28 -> 310026 | AK28: =AI28 -> 310026
A29: 10027 | B29: 獵人之弓 | C29: R | D29: weapon | F29: ="1,1" -> 1,1 | G29: 16,13,1 | I29: 110001 | J29: =J28+1 -> 210027 | K29: =K28+1 -> 310027 | L29: 2 | N29: 490 | O29: 51 | P29: 9 | Q29: 33 | R29: 29 | S29: 51 | T29: 10 | V29: =N29*0.5+O29+P29+Q29+R29+S29+T29*5 -> 468 | X29: 9127 | Y29: =IF(C29="SSR",30,IF(C29="SR",10,IF(C29="R",5))) -> 5 | Z29: =IF(C29="SSR",IF(P29>O29,"901","900"),IF(C29="SR",IF(P29>O29,"902","903" ),IF(C29="R",IF(P29>O29,"904","905" )))) -> 905 | AA29: 900 | AB29: =J29 -> 210027 | AC29: =AB29 -> 210027 | AD29: =AC29 -> 210027 | AE29: =AD29 -> 210027 | AF29: =AD29 -> 210027 | AG29: =K29 -> 310027 | AH29: =AG29 -> 310027 | AI29: =AH29 -> 310027 | AJ29: =AI29 -> 310027 | AK29: =AI29 -> 310027
... A33: 10031 | B33: 戰鬥者長劍 | C33: R | D33: weapon | F33: ="1,1" -> 1,1 | G33: 16,2,1 | I33: 110001 | J33: =J32+1 -> 210031 | K33: =K32+1 -> 310031 | L33: 3 | N33: 500 | O33: 49 | P33: 8 | Q33: 33 | R33: 21 | S33: 54 | T33: 9 | V33: =N33*0.5+O33+P33+Q33+R33+S33+T33*5 -> 460 | X33: 9127 | Y33: =IF(C33="SSR",30,IF(C33="SR",10,IF(C33="R",5))) -> 5 | Z33: =IF(C33="SSR",IF(P33>O33,"901","900"),IF(C33="SR",IF(P33>O33,"902","903" ),IF(C33="R",IF(P33>O33,"904","905" )))) -> 905 | AA33: 900 | AB33: =J33 -> 210031 | AC33: =AB33 -> 210031 | AD33: =AC33 -> 210031 | AE33: =AD33 -> 210031 | AF33: =AD33 -> 210031 | AG33: =K33 -> 310031 | AH33: =AG33 -> 310031 | AI33: =AH33 -> 310031 | AJ33: =AI33 -> 310031 | AK33: =AI33 -> 310031
A35: 角色id | B35: 角色名稱 | C35: rare | D35: type | E35: 體系 | F35: equipment_type | G35: tag | H35: resist_buff | I35: skill0_id | J35: skill1_id | K35: skill2_id | L35: element | M35: role_ addition | N35: HP | O35: ATK | P35: MATK | Q35: DEF | R35: MDEF | S35: MP | T35: AGI | U35: 重生回合數 | V35: #六維 | W35: capture_rate | X35: exchange_id | Y35: exchange_amount | Z35: star_refine_id | AA35: star_cost_id | AB35: star1_skill1 | AC35: star2_skill1 | AD35: star3_skill1 | AE35: star4_skill1 | AF35: star5_skill1 | AG35: star1_skill2 | AH35: star2_skill2 | AI35: star3_skill2 | AJ35: star4_skill2 | AK35: star5_skill2
A36: 90001 | B36: 劍士 | C36: R | D36: role | E36: 物攻 | F36: 2,3,4,5,6,7 | G36: 21 | H36: ="1001,1002,1003,1004,1005,2001,2002,2003,2004,2005,1997" -> 1001,1002,1003,1004,1005,2001,2002,2003,2004,2005,1997 | I36: 110001 | J36: =A36+800000 -> 890001 | K36: =J36+100000 -> 990001 | M36: ="{1.1},{1.1},{0.3},{1},{0.3}" -> {1.1},{1.1},{0.3},{1},{0.3} | N36: 500 | O36: 99 | P36: 35 | Q36: 75 | R36: 47 | T36: 9
A37: 90002 | B37: 戰士 | C37: R | D37: role | E37: 物防 | F37: 2,3,4,5,6,7 | G37: 21 | H37: ="1001,1002,1003,1004,1005,2001,2002,2003,2004,2005,1997" -> 1001,1002,1003,1004,1005,2001,2002,2003,2004,2005,1997 | I37: 110001 | J37: =A37+800000 -> 890002 | K37: =J37+100000 -> 990002 | M37: ="{1.5},{0.7},{0.3},{1.2},{1}" -> {1.5},{0.7},{0.3},{1.2},{1} | N37: 680 | O37: 80 | P37: 20 | Q37: 82 | R37: 77 | T37: 10
A38: 90003 | B38: 弓劍手 | C38: R | D38: role | E38: 物攻 | F38: 2,3,4,5,6,7 | G38: 21 | H38: ="1001,1002,1003,1004,1005,2001,2002,2003,2004,2005,1997" -> 1001,1002,1003,1004,1005,2001,2002,2003,2004,2005,1997 | I38: 110001 | J38: =A38+800000 -> 890003 | K38: =J38+100000 -> 990003 | M38: ="{0.7},{1.4},{0.3},{0.3},{0.4}" -> {0.7},{1.4},{0.3},{0.3},{0.4} | N38: 490 | O38: 99 | P38: 35 | Q38: 63 | R38: 56 | T38: 8
A39: 90004 | B39: 盜賊 | C39: R | D39: role | E39: 魔防 | F39: 2,3,4,5,6,7 | G39: 21 | H39: ="1001,1002,1003,1004,1005,2001,2002,2003,2004,2005,1997" -> 1001,1002,1003,1004,1005,2001,2002,2003,2004,2005,1997 | I39: 110001 | J39: =A39+800000 -> 890004 | K39: =J39+100000 -> 990004 | M39: ="{0.8},{1.3},{0.3},{0.3},{0.3}" -> {0.8},{1.3},{0.3},{0.3},{0.3} | N39: 475 | O39: 50 | P39: 97 | Q39: 54 | R39: 48 | T39: 8
A40: 90005 | B40: 魔法師 | C40: R | D40: role | E40: 魔攻 | F40: 2,3,4,5,6,7 | G40: 21 | H40: ="1001,1002,1003,1004,1005,2001,2002,2003,2004,2005,1997" -> 1001,1002,1003,1004,1005,2001,2002,2003,2004,2005,1997 | I40: 110011 | J40: =A40+800000 -> 890005 | K40: =J40+100000 -> 990005 | M40: ="{1},{0.3},{1.1},{1},{0.3}" -> {1},{0.3},{1.1},{1},{0.3} | N40: 475 | O40: 20 | P40: 101 | Q40: 51 | R40: 72 | T40: 10
A41: 90006 | B41: 實習祭司 | C41: R | D41: role | E41: 魔攻 | F41: 2,3,4,5,6,7 | G41: 21 | H41: ="1001,1002,1003,1004,1005,2001,2002,2003,2004,2005,1997" -> 1001,1002,1003,1004,1005,2001,2002,2003,2004,2005,1997 | I41: 110011 | J41: =A41+800000 -> 890006 | K41: =J41+100000 -> 990006 | M41: ="{1.2},{0.3},{1.1},{1},{0.3}" -> {1.2},{0.3},{1.1},{1},{0.3} | N41: 530 | O41: 35 | P41: 99 | Q41: 67 | R41: 74 | T41: 9
A42: 90007 | B42: 神劍使 | C42: SSR | D42: role | E42: 物攻 | F42: 2,3,4,5,6,7 | G42: 23 | H42: ="1001,1002,1003,1004,1005,2001,2002,2003,2004,2005,1997" -> 1001,1002,1003,1004,1005,2001,2002,2003,2004,2005,1997 | I42: 110004 | J42: =A42+800000 -> 890007 | K42: =J42+100000 -> 990007 | M42: {1.7},{1.7},{0.9},{1.6},{0.9} | N42: =ROUND(N43*1.7,0) -> 1445 | O42: =ROUND(O43*1.7,0) -> 286 | P42: =ROUND(P43*1.7,0) -> 102 | Q42: =ROUND(Q43*1.7,0) -> 218 | R42: =ROUND(R43*1.7,0) -> 136 | T42: 14
A43: =A42+1 -> 90008 | B43: 劍豪 | C43: SR | D43: role | E43: 物攻 | F43: 2,3,4,5,6,7 | G43: 22 | H43: ="1001,1002,1003,1004,1005,2001,2002,2003,2004,2005,1997" -> 1001,1002,1003,1004,1005,2001,2002,2003,2004,2005,1997 | I43: 110001 | J43: 890001 | K43: 990001 | M43: ="{1.3},{1.3},{0.5},{1.2},{0.5}" -> {1.3},{1.3},{0.5},{1.2},{0.5} | N43: =ROUND(N36*1.7,0) -> 850 | O43: =ROUND(O36*1.7,0) -> 168 | P43: =ROUND(P36*1.7,0) -> 60 | Q43: =ROUND(Q36*1.7,0) -> 128 | R43: =ROUND(R36*1.7,0) -> 80 | T43: =T36 -> 9
A44: =A43+1 -> 90009 | B44: 狂戰士 | C44: SR | D44: role | E44: 物防 | F44: 2,3,4,5,6,7 | G44: 22 | H44: ="1001,1002,1003,1004,1005,2001,2002,2003,2004,2005,1997" -> 1001,1002,1003,1004,1005,2001,2002,2003,2004,2005,1997 | I44: 110001 | J44: 890002 | K44: 990002 | M44: ="{1.7},{0.9},{0.5},{1.5},{1.2}" -> {1.7},{0.9},{0.5},{1.5},{1.2} | N44: =ROUND(N37*1.7,0) -> 1156 | O44: =ROUND(O37*1.7,0) -> 136 | P44: =ROUND(P37*1.7,0) -> 34 | Q44: =ROUND(Q37*1.7,0) -> 139 | R44: =ROUND(R37*1.7,0) -> 131 | T44: =T37 -> 10
A45: =A44+1 -> 90010 | B45: 神射手 | C45: SR | D45: role | E45: 物攻 | F45: 2,3,4,5,6,7 | G45: 22 | H45: ="1001,1002,1003,1004,1005,2001,2002,2003,2004,2005,1997" -> 1001,1002,1003,1004,1005,2001,2002,2003,2004,2005,1997 | I45: 110001 | J45: 890003 | K45: 990003 | M45: ="{0.9},{1.6},{0.5},{0.5},{0.6}" -> {0.9},{1.6},{0.5},{0.5},{0.6} | N45: =ROUND(N38*1.7,0) -> 833 | O45: =ROUND(O38*1.7,0) -> 168 | P45: =ROUND(P38*1.7,0) -> 60 | Q45: =ROUND(Q38*1.7,0) -> 107 | R45: =ROUND(R38*1.7,0) -> 95 | T45: =T38+2 -> 10
A46: =A45+1 -> 90011 | B46: 刺客 | C46: SR | D46: role | E46: 魔防 | F46: 2,3,4,5,6,7 | G46: 22 | H46: ="1001,1002,1003,1004,1005,2001,2002,2003,2004,2005,1997" -> 1001,1002,1003,1004,1005,2001,2002,2003,2004,2005,1997 | I46: 110001 | J46: 890004 | K46: 990004 | M46: ="{1},{1.5},{0.5},{0.5},{0.5}" -> {1},{1.5},{0.5},{0.5},{0.5} | N46: =ROUND(N39*1.7,0) -> 808 | O46: =ROUND(O39*1.7,0) -> 85 | P46: =ROUND(P39*1.7,0) -> 165 | Q46: =ROUND(Q39*1.7,0) -> 92 | R46: =ROUND(R39*1.7,0) -> 82 | T46: =T39+3 -> 11
A47: =A46+1 -> 90012 | B47: 魔導士 | C47: SR | D47: role | E47: 魔攻 | F47: 2,3,4,5,6,7 | G47: 22 | H47: ="1001,1002,1003,1004,1005,2001,2002,2003,2004,2005,1997" -> 1001,1002,1003,1004,1005,2001,2002,2003,2004,2005,1997 | I47: 110011 | J47: 890005 | K47: 990005 | M47: ="{1.2},{0.5},{1.3},{1.2},{0.5}" -> {1.2},{0.5},{1.3},{1.2},{0.5} | N47: =ROUND(N40*1.7,0) -> 808 | O47: =ROUND(O40*1.7,0) -> 34 | P47: =ROUND(P40*1.7,0) -> 172 | Q47: =ROUND(Q40*1.7,0) -> 87 | R47: =ROUND(R40*1.7,0) -> 122 | T47: =T40 -> 10
A48: =A47+1 -> 90013 | B48: 神官 | C48: SR | D48: role | E48: 魔攻 | F48: 2,3,4,5,6,7 | G48: 22 | H48: ="1001,1002,1003,1004,1005,2001,2002,2003,2004,2005,1997" -> 1001,1002,1003,1004,1005,2001,2002,2003,2004,2005,1997 | I48: 110011 | J48: 890006 | K48: 990006 | M48: ="{1.5},{0.5},{1.3},{1.2},{0.5}" -> {1.5},{0.5},{1.3},{1.2},{0.5} | N48: =ROUND(N41*1.7,0) -> 901 | O48: =ROUND(O41*1.7,0) -> 60 | P48: =ROUND(P41*1.7,0) -> 168 | Q48: =ROUND(Q41*1.7,0) -> 114 | R48: =ROUND(R41*1.7,0) -> 126 | T48: =T41 -> 9
A53: 角色id | B53: 角色名稱 | C53: rare | D53: type | E53: 體系 | F53: equipment_type | G53: tag | H53: resist_buff | I53: skill0_id | J53: skill1_id | K53: skill2_id | L53: element | M53: role_ addition | N53: hp | O53: atk | P53: matk | Q53: def | R53: mdef | S53: mp | T53: agi | U53: 重生回合數 | V53: #六維 | W53: capture_rate | X53: exchange_id | Y53: exchange_amount | Z53: star_refine_id | AA53: star_cost_id | AB53: star1_skill1 | AC53: star2_skill1 | AD53: star3_skill1 | AE53: star4_skill1 | AF53: star5_skill1 | AG53: star1_skill2 | AH53: star2_skill2 | AI53: star3_skill2 | AJ53: star4_skill2 | AK53: star5_skill2
A54: 40001 | B54: 棕熊 | C54: R | D54: monster | E54: =IF(O54>P54,"物攻","魔攻") -> 物攻 | F54: ="1,1" -> 1,1 | G54: 62 | I54: 110002 | J54: 400001 | K54: 410001 | L54: 2 | N54: 550 | O54: 53 | P54: 9 | Q54: 33 | R54: 21 | S54: 57 | T54: 8 | V54: =N54*0.5+O54+P54+Q54+R54+S54+T54*5 -> 488 | W54: =round((1000-V54)/2000,2) -> 0.26 | Z54: =IF(C54="SSR",IF(P54>O54,"901","900"),IF(C54="SR",IF(P54>O54,"902","903" ),IF(C54="R",IF(P54>O54,"904","905" )))) -> 905 | AA54: 910
A55: 40002 | B55: 灰狼 | C55: R | D55: monster | E55: =IF(O55>P55,"物攻","魔攻") -> 物攻 | F55: ="1,1" -> 1,1 | G55: 62 | I55: 110002 | J55: 400002 | K55: 410002 | L55: 1 | N55: 430 | O55: 49 | P55: 11 | Q55: 36 | R55: 27 | S55: 57 | T55: 10 | V55: =N55*0.5+O55+P55+Q55+R55+S55+T55*5 -> 445 | W55: =round((1000-V55)/2000,2) -> 0.28 | Z55: =IF(C55="SSR",IF(P55>O55,"901","900"),IF(C55="SR",IF(P55>O55,"902","903" ),IF(C55="R",IF(P55>O55,"904","905" )))) -> 905 | AA55: 910
A56: 40003 | B56: 岩石怪 | C56: R | D56: monster | E56: =IF(O56>P56,"物攻","魔攻") -> 物攻 | F56: ="1,1" -> 1,1 | G56: 67 | I56: 110001 | J56: 400003 | K56: 410003 | L56: 2 | N56: 690 | O56: 44 | P56: 9 | Q56: 41 | R56: 31 | S56: 57 | T56: 8 | V56: =N56*0.5+O56+P56+Q56+R56+S56+T56*5 -> 567 | W56: =round((1000-V56)/2000,2) -> 0.22 | Z56: =IF(C56="SSR",IF(P56>O56,"901","900"),IF(C56="SR",IF(P56>O56,"902","903" ),IF(C56="R",IF(P56>O56,"904","905" )))) -> 905 | AA56: 910
A57: 40004 | B57: 尖牙兔 | C57: R | D57: monster | E57: =IF(O57>P57,"物攻","魔攻") -> 物攻 | F57: ="1,1" -> 1,1 | G57: 62 | I57: 110002 | J57: 400004 | K57: 410004 | L57: 3 | N57: 450 | O57: 57 | P57: 9 | Q57: 27 | R57: 23 | S57: 57 | T57: 11 | V57: =N57*0.5+O57+P57+Q57+R57+S57+T57*5 -> 453 | W57: =round((1000-V57)/2000,2) -> 0.27 | Z57: =IF(C57="SSR",IF(P57>O57,"901","900"),IF(C57="SR",IF(P57>O57,"902","903" ),IF(C57="R",IF(P57>O57,"904","905" )))) -> 905 | AA57: 910
A58: 40005 | B58: 樹精 | C58: R | D58: monster | E58: =IF(O58>P58,"物攻","魔攻") -> 魔攻 | F58: ="1,1" -> 1,1 | G58: 64 | I58: 110011 | J58: 400005 | K58: 410005 | L58: 2 | N58: 480 | O58: 7 | P58: 43 | Q58: 20 | R58: 35 | S58: 57 | T58: 8 | V58: =N58*0.5+O58+P58+Q58+R58+S58+T58*5 -> 442 | W58: =round((1000-V58)/2000,2) -> 0.28 | Z58: =IF(C58="SSR",IF(P58>O58,"901","900"),IF(C58="SR",IF(P58>O58,"902","903" ),IF(C58="R",IF(P58>O58,"904","905" )))) -> 904 | AA58: 910
A59: 40006 | B59: 尖刺鼠 | C59: R | D59: monster | E59: =IF(O59>P59,"物攻","魔攻") -> 物攻 | F59: ="1,1" -> 1,1 | G59: 62 | I59: 110001 | J59: 400006 | K59: 410006 | L59: 3 | N59: 450 | O59: 46 | P59: 9 | Q59: 19 | R59: 19 | S59: 57 | T59: 11 | V59: =N59*0.5+O59+P59+Q59+R59+S59+T59*5 -> 430 | W59: =round((1000-V59)/2000,2) -> 0.29 | Z59: =IF(C59="SSR",IF(P59>O59,"901","900"),IF(C59="SR",IF(P59>O59,"902","903" ),IF(C59="R",IF(P59>O59,"904","905" )))) -> 905 | AA59: 910
A60: 40007 | B60: 符文龜 | C60: R | D60: monster | E60: =IF(O60>P60,"物攻","魔攻") -> 魔攻 | F60: ="1,1" -> 1,1 | G60: 67 | I60: 110012 | J60: 400007 | K60: 410007 | L60: 1 | N60: 500 | O60: 3 | P60: 55 | Q60: 21 | R60: 38 | S60: 57 | T60: 8 | V60: =N60*0.5+O60+P60+Q60+R60+S60+T60*5 -> 464 | W60: =round((1000-V60)/2000,2) -> 0.27 | Z60: =IF(C60="SSR",IF(P60>O60,"901","900"),IF(C60="SR",IF(P60>O60,"902","903" ),IF(C60="R",IF(P60>O60,"904","905" )))) -> 904 | AA60: 910
A61: 40008 | B61: 利爪貓 | C61: R | D61: monster | E61: =IF(O61>P61,"物攻","魔攻") -> 物攻 | F61: ="1,1" -> 1,1 | G61: 62 | I61: 110002 | J61: 400008 | K61: 410008 | L61: 1 | N61: 470 | O61: 53 | P61: 9 | Q61: 33 | R61: 29 | S61: 57 | T61: 10 | V61: =N61*0.5+O61+P61+Q61+R61+S61+T61*5 -> 466 | W61: =round((1000-V61)/2000,2) -> 0.27 | Z61: =IF(C61="SSR",IF(P61>O61,"901","900"),IF(C61="SR",IF(P61>O61,"902","903" ),IF(C61="R",IF(P61>O61,"904","905" )))) -> 905 | AA61: 910
A62: 40009 | B62: 火焰雞 | C62: R | D62: monster | E62: =IF(O62>P62,"物攻","魔攻") -> 魔攻 | F62: ="1,1" -> 1,1 | G62: 64 | I62: 110011 | J62: 400009 | K62: 410009 | L62: 2 | N62: 490 | O62: 12 | P62: 55 | Q62: 17 | R62: 37 | S62: 57 | T62: 9 | V62: =N62*0.5+O62+P62+Q62+R62+S62+T62*5 -> 468 | W62: =round((1000-V62)/2000,2) -> 0.27 | Z62: =IF(C62="SSR",IF(P62>O62,"901","900"),IF(C62="SR",IF(P62>O62,"902","903" ),IF(C62="R",IF(P62>O62,"904","905" )))) -> 904 | AA62: 910
A63: 40010 | B63: 草精 | C63: R | D63: monster | E63: =IF(O63>P63,"物攻","魔攻") -> 魔攻 | F63: ="1,1" -> 1,1 | G63: 64 | I63: 110012 | J63: 400010 | K63: 410010 | L63: 1 | N63: 660 | O63: 15 | P63: 47 | Q63: 39 | R63: 27 | S63: 57 | T63: 9 | V63: =N63*0.5+O63+P63+Q63+R63+S63+T63*5 -> 560 | W63: =round((1000-V63)/2000,2) -> 0.22 | Z63: =IF(C63="SSR",IF(P63>O63,"901","900"),IF(C63="SR",IF(P63>O63,"902","903" ),IF(C63="R",IF(P63>O63,"904","905" )))) -> 904 | AA63: 910
A64: 40011 | B64: 天使史萊姆 | C64: R | D64: monster | E64: =IF(O64>P64,"物攻","魔攻") -> 魔攻 | F64: ="1,1" -> 1,1 | G64: 63 | I64: 110012 | J64: 400011 | K64: 410011 | L64: 1 | N64: 760 | O64: 15 | P64: 40 | Q64: 20 | R64: 19 | S64: 57 | T64: 10 | U64: 5 | V64: =N64*0.5+O64+P64+Q64+R64+S64+T64*5 -> 581 | W64: =round((1000-V64)/2000,2) -> 0.21 | Z64: =IF(C64="SSR",IF(P64>O64,"901","900"),IF(C64="SR",IF(P64>O64,"902","903" ),IF(C64="R",IF(P64>O64,"904","905" )))) -> 904 | AA64: 910
A65: 40012 | B65: 史萊姆 | C65: R | D65: monster | E65: =IF(O65>P65,"物攻","魔攻") -> 魔攻 | F65: ="1,1" -> 1,1 | G65: 63 | I65: 110012 | J65: 400011 | K65: 410011 | L65: 1 | N65: 760 | O65: 15 | P65: 40 | Q65: 20 | R65: 19 | S65: 57 | T65: 8 | U65: 5 | V65: =N65*0.5+O65+P65+Q65+R65+S65+T65*5 -> 571 | W65: =round((1000-V65)/2000,2) -> 0.21 | Z65: =IF(C65="SSR",IF(P65>O65,"901","900"),IF(C65="SR",IF(P65>O65,"902","903" ),IF(C65="R",IF(P65>O65,"904","905" )))) -> 904 | AA65: 910
A66: 40013 | B66: 冰凍史萊姆 | C66: R | D66: monster | E66: =IF(O66>P66,"物攻","魔攻") -> 魔攻 | F66: ="1,1" -> 1,1 | G66: 63 | I66: 110012 | J66: 400013 | K66: 410011 | L66: 1 | N66: 710 | O66: 15 | P66: 44 | Q66: 18 | R66: 22 | S66: 57 | T66: 9 | U66: 5 | V66: =N66*0.5+O66+P66+Q66+R66+S66+T66*5 -> 556 | W66: =round((1000-V66)/2000,2) -> 0.22 | Z66: =IF(C66="SSR",IF(P66>O66,"901","900"),IF(C66="SR",IF(P66>O66,"902","903" ),IF(C66="R",IF(P66>O66,"904","905" )))) -> 904 | AA66: 910
A67: 40014 | B67: 火焰史萊姆 | C67: R | D67: monster | E67: =IF(O67>P67,"物攻","魔攻") -> 魔攻 | F67: ="1,1" -> 1,1 | G67: 63 | I67: 110012 | J67: 400012 | K67: 410009 | L67: 2 | N67: 720 | O67: 15 | P67: 48 | Q67: 22 | R67: 19 | S67: 57 | T67: 9 | U67: 5 | V67: =N67*0.5+O67+P67+Q67+R67+S67+T67*5 -> 566 | W67: =round((1000-V67)/2000,2) -> 0.22 | Z67: =IF(C67="SSR",IF(P67>O67,"901","900"),IF(C67="SR",IF(P67>O67,"902","903" ),IF(C67="R",IF(P67>O67,"904","905" )))) -> 904 | AA67: 910
A68: 40015 | B68: 沼澤史萊姆 | C68: R | D68: monster | E68: =IF(O68>P68,"物攻","魔攻") -> 物攻 | F68: ="1,1" -> 1,1 | G68: 63 | I68: 110011 | J68: 400014 | K68: 410006 | L68: 3 | N68: 670 | O68: 49 | P68: 12 | Q68: 20 | R68: 19 | S68: 57 | T68: 8 | U68: 5 | V68: =N68*0.5+O68+P68+Q68+R68+S68+T68*5 -> 532 | W68: =round((1000-V68)/2000,2) -> 0.23 | Z68: =IF(C68="SSR",IF(P68>O68,"901","900"),IF(C68="SR",IF(P68>O68,"902","903" ),IF(C68="R",IF(P68>O68,"904","905" )))) -> 905 | AA68: 910
A69: 40016 | B69: 金屬史萊姆 | C69: R | D69: monster | E69: =IF(O69>P69,"物攻","魔攻") -> 物攻 | F69: ="1,1" -> 1,1 | G69: 63 | I69: 110001 | J69: 400015 | K69: 410012 | L69: 1 | N69: 790 | O69: 45 | P69: 11 | Q69: 40 | R69: 32 | S69: 57 | T69: 8 | V69: =N69*0.5+O69+P69+Q69+R69+S69+T69*5 -> 620 | W69: =round((1000-V69)/2000,2) -> 0.19 | Z69: =IF(C69="SSR",IF(P69>O69,"901","900"),IF(C69="SR",IF(P69>O69,"902","903" ),IF(C69="R",IF(P69>O69,"904","905" )))) -> 905 | AA69: 910
A70: 40017 | B70: 活化魔導書 | C70: R | D70: monster | E70: 魔攻 | F70: 1,1 | G70: 67 | I70: 110011 | J70: 400011 | K70: 410019 | L70: 1 | N70: 450 | O70: 9 | P70: 52 | Q70: 19 | R70: 33 | S70: 57 | T70: 10 | V70: 435 | W70: =round((1000-V70)/2000,2) -> 0.28 | Z70: 904 | AA70: 910
A71: 40018 | B71: 魔導失控體 | C71: R | D71: monster | E71: 魔攻 | F71: 1,1 | G71: 67 | I71: 110012 | J71: 400012 | K71: 410021 | L71: 2 | N71: 510 | O71: 11 | P71: 48 | Q71: 21 | R71: 29 | S71: 57 | T71: 11 | V71: 461 | W71: =round((1000-V71)/2000,2) -> 0.27 | Z71: 904 | AA71: 910
A72: 40019 | B72: 魔能水晶獸 | C72: R | D72: monster | E72: 魔攻 | F72: 1,1 | G72: 67 | I72: 110011 | J72: 400013 | K72: 410001 | L72: 2 | N72: 620 | O72: 14 | P72: 45 | Q72: 28 | R72: 36 | S72: 57 | T72: 9 | V72: 530 | W72: =round((1000-V72)/2000,2) -> 0.24 | Z72: 904 | AA72: 910
A73: 40020 | B73: 闇影使魔 | C73: R | D73: monster | E73: 魔攻 | F73: 1,1 | G73: 66 | I73: 110012 | J73: 400019 | K73: 410019 | L73: 1 | N73: 480 | O73: 12 | P73: 50 | Q73: 18 | R73: 28 | S73: 57 | T73: 10 | V73: 445 | W73: =round((1000-V73)/2000,2) -> 0.28 | Z73: 904 | AA73: 910
A74: 40021 | B74: 失控魔像 | C74: R | D74: monster | E74: 物攻 | F74: 1,1 | G74: 67 | I74: 110001 | J74: 400001 | K74: 410020 | L74: 1 | N74: 750 | O74: 46 | P74: 8 | Q74: 42 | R74: 22 | S74: 57 | T74: 8 | U74: 3 | V74: 590 | W74: =round((1000-V74)/2000,2) -> 0.21 | Z74: 905 | AA74: 910
A75: 40022 | B75: 失控冒險者 | C75: R | D75: monster | E75: 物攻 | F75: 1,1 | G75: 68 | I75: 110001 | J75: 400004 | K75: 410013 | L75: 3 | N75: 550 | O75: 50 | P75: 10 | Q75: 32 | R75: 24 | S75: 57 | T75: 12 | V75: 488 | W75: =round((1000-V75)/2000,2) -> 0.26 | Z75: 905 | AA75: 910
A76: 40023 | B76: 繃帶屍鬼 | C76: R | D76: monster | E76: 物攻 | F76: 1,1 | G76: 65 | I76: 110001 | J76: 400008 | K76: 410006 | L76: 1 | N76: 580 | O76: 48 | P76: 9 | Q76: 30 | R76: 22 | S76: 57 | T76: 9 | V76: 496 | W76: =round((1000-V76)/2000,2) -> 0.25 | Z76: 905 | AA76: 910
A77: 40024 | B77: 傭兵犬 | C77: R | D77: monster | E77: 物攻 | F77: 1,1 | G77: 62 | I77: 110002 | J77: 400008 | K77: 410017 | L77: 1 | N77: 460 | O77: 52 | P77: 9 | Q77: 26 | R77: 21 | S77: 57 | T77: 10 | V77: 435 | W77: =round((1000-V77)/2000,2) -> 0.28 | Z77: 905 | AA77: 910
A78: 40025 | B78: 盜匪斥候 | C78: R | D78: monster | E78: 物攻 | F78: 1,1 | G78: 68 | I78: 110002 | J78: 400002 | K78: 410013 | L78: 3 | N78: 430 | O78: 54 | P78: 11 | Q78: 24 | R78: 19 | S78: 57 | T78: 9 | V78: 420 | W78: =round((1000-V78)/2000,2) -> 0.29 | Z78: 905 | AA78: 910
A79: 40026 | B79: 魔化獵犬 | C79: R | D79: monster | E79: 物攻 | F79: 1,1 | G79: 62 | I79: 110002 | J79: 400008 | K79: 410006 | L79: 1 | N79: 480 | O79: 53 | P79: 12 | Q79: 27 | R79: 23 | S79: 57 | T79: 11 | V79: 452 | W79: =round((1000-V79)/2000,2) -> 0.27 | Z79: 905 | AA79: 910
A80: 40027 | B80: 黑市術士 | C80: R | D80: monster | E80: 魔攻 | F80: 1,1 | G80: 68 | I80: 110011 | J80: 400011 | K80: 410019 | L80: 3 | N80: 490 | O80: 8 | P80: 51 | Q80: 18 | R80: 32 | S80: 57 | T80: 9 | V80: 451 | W80: =round((1000-V80)/2000,2) -> 0.27 | Z80: 904 | AA80: 910
A81: 40028 | B81: 森林妖精 | C81: R | D81: monster | E81: 魔攻 | F81: 1,1 | G81: 64 | I81: 110012 | J81: 400005 | K81: 410016 | L81: 1 | N81: 450 | O81: 10 | P81: 46 | Q81: 17 | R81: 34 | S81: 57 | T81: 8 | V81: 429 | W81: =round((1000-V81)/2000,2) -> 0.29 | Z81: 904 | AA81: 910
A82: 40029 | B82: 毒藤獸 | C82: R | D82: monster | E82: 物攻 | F82: 1,1 | G82: 64 | I82: 110002 | J82: 400014 | K82: 410006 | L82: 2 | N82: 680 | O82: 48 | P82: 11 | Q82: 35 | R82: 27 | S82: 57 | T82: 10 | V82: 558 | W82: =round((1000-V82)/2000,2) -> 0.22 | Z82: 905 | AA82: 910
A83: 40030 | B83: 木靈 | C83: R | D83: monster | E83: 魔攻 | F83: 1,1 | G83: 64 | I83: 110011 | J83: 400007 | K83: 410016 | L83: 1 | N83: 520 | O83: 9 | P83: 43 | Q83: 22 | R83: 30 | S83: 57 | T83: 8 | V83: 461 | W83: =round((1000-V83)/2000,2) -> 0.27 | Z83: 904 | AA83: 910
A84: 40031 | B84: 狼群 | C84: R | D84: monster | E84: 物攻 | F84: 1,1 | G84: 62 | I84: 110002 | J84: 400004 | K84: 410013 | L84: 3 | N84: 470 | O84: 51 | P84: 9 | Q84: 28 | R84: 20 | S84: 57 | T84: 9 | U84: 3 | V84: 440 | W84: =round((1000-V84)/2000,2) -> 0.28 | Z84: 905 | AA84: 910
A85: 40032 | B85: 黑翼鴉人 | C85: R | D85: monster | E85: 物攻 | F85: 1,1 | G85: 68 | I85: 110001 | J85: 400002 | K85: 410002 | L85: 1 | N85: 450 | O85: 54 | P85: 10 | Q85: 24 | R85: 18 | S85: 57 | T85: 10 | V85: 428 | W85: =round((1000-V85)/2000,2) -> 0.29 | Z85: 905 | AA85: 910
A86: 40033 | B86: 樹人幼體 | C86: R | D86: monster | E86: 物攻 | F86: 1,1 | G86: 64 | I86: 110001 | J86: 400001 | K86: 410005 | L86: 1 | N86: 710 | O86: 45 | P86: 10 | Q86: 38 | R86: 25 | S86: 57 | T86: 9 | U86: 5 | V86: 570 | W86: =round((1000-V86)/2000,2) -> 0.22 | Z86: 905 | AA86: 910
A87: 40034 | B87: 魔導書靈 | C87: R | D87: monster | E87: 魔攻 | F87: 1,1 | G87: 67 | I87: 110012 | J87: 400012 | K87: 410021 | L87: 2 | N87: 460 | O87: 8 | P87: 54 | Q87: 19 | R87: 35 | S87: 57 | T87: 8 | V87: 443 | W87: =round((1000-V87)/2000,2) -> 0.28 | Z87: 904 | AA87: 910
A88: 40035 | B88: 暗影刺客 | C88: R | D88: monster | E88: 魔攻 | F88: 1,1 | G88: 66 | I88: 110011 | J88: 400019 | K88: 410022 | L88: 1 | N88: 440 | O88: 11 | P88: 49 | Q88: 17 | R88: 31 | S88: 57 | T88: 13 | V88: 425 | W88: =round((1000-V88)/2000,2) -> 0.29 | Z88: 904 | AA88: 910
A89: 40036 | B89: 水晶傀儡 | C89: R | D89: monster | E89: 物攻 | F89: 1,1 | G89: 67 | I89: 110001 | J89: 400001 | K89: 410001 | L89: 2 | N89: 730 | O89: 47 | P89: 8 | Q89: 40 | R89: 30 | S89: 57 | T89: 8 | V89: 587 | W89: =round((1000-V89)/2000,2) -> 0.21 | Z89: 905 | AA89: 910
A90: 40037 | B90: 幻術妖 | C90: R | D90: monster | E90: 魔攻 | F90: 1,1 | G90: 68 | I90: 110012 | J90: 400019 | K90: 410019 | L90: 3 | N90: 440 | O90: 11 | P90: 49 | Q90: 17 | R90: 31 | S90: 57 | T90: 10 | V90: 425 | W90: =round((1000-V90)/2000,2) -> 0.29 | Z90: 904 | AA90: 910
A91: 40038 | B91: 失控術士 | C91: R | D91: monster | E91: 魔攻 | F91: 1,1 | G91: 68 | I91: 110011 | J91: 400012 | K91: 410021 | L91: 2 | N91: 500 | O91: 10 | P91: 53 | Q91: 19 | R91: 28 | S91: 57 | T91: 8 | V91: 457 | W91: =round((1000-V91)/2000,2) -> 0.27 | Z91: 904 | AA91: 910
A92: 40039 | B92: 元素精靈 | C92: R | D92: monster | E92: 魔攻 | F92: 1,1 | G92: 64 | I92: 110012 | J92: 400013 | K92: 410021 | L92: 2 | N92: 480 | O92: 9 | P92: 50 | Q92: 18 | R92: 33 | S92: 57 | T92: 9 | V92: 447 | W92: =round((1000-V92)/2000,2) -> 0.28 | Z92: 904 | AA92: 910
A93: 40040 | B93: 魔法傀儡 | C93: SR | D93: monster | E93: 魔攻 | F93: 1,1 | G93: 67 | I93: 110011 | J93: 400015 | K93: 410020 | L93: 3 | N93: 980 | O93: 15 | P93: 65 | Q93: 45 | R93: 52 | S93: 75 | T93: 10 | V93: 792 | W93: =round((1000-V93)/2000,2) -> 0.1 | Z93: 902 | AA93: 910
A94: 40041 | B94: 禁術學徒 | C94: SR | D94: monster | E94: 魔攻 | F94: 1,1 | G94: 68 | I94: 110012 | J94: 400018 | K94: 410024 | L94: 1 | N94: 720 | O94: 14 | P94: 78 | Q94: 26 | R94: 46 | S94: 75 | T94: 12 | V94: 649 | W94: =round((1000-V94)/2000,2) -> 0.18 | Z94: 902 | AA94: 910
A95: 40042 | B95: 光獸 | C95: SR | D95: monster | E95: 魔攻 | F95: 1,1 | G95: 64 | I95: 110011 | J95: 400020 | K95: 410021 | L95: 3 | N95: 680 | O95: 16 | P95: 74 | Q95: 24 | R95: 42 | S95: 75 | T95: 15 | V95: 621 | W95: =round((1000-V95)/2000,2) -> 0.19 | Z95: 902 | AA95: 910
A96: 40043 | B96: 魔能幽魂 | C96: SR | D96: monster | E96: 魔攻 | F96: 1,1 | G96: 65 | I96: 110012 | J96: 400018 | K96: 410024 | L96: 3 | N96: 650 | O96: 13 | P96: 76 | Q96: 22 | R96: 48 | S96: 75 | T96: 10 | V96: 609 | W96: =round((1000-V96)/2000,2) -> 0.2 | Z96: 902 | AA96: 910
A97: 40044 | B97: 異界召喚獸 | C97: SR | D97: monster | E97: 物攻 | F97: 1,1 | G97: 66 | I97: 110001 | J97: 400023 | K97: 410025 | L97: 2 | N97: 880 | O97: 72 | P97: 16 | Q97: 45 | R97: 38 | S97: 75 | T97: 10 | U97: 4 | V97: 736 | W97: =round((1000-V97)/2000,2) -> 0.13 | Z97: 903 | AA97: 910
A98: 40045 | B98: 黑炎修士 | C98: SR | D98: monster | E98: 物攻 | F98: 1,1 | G98: 68 | I98: 110002 | J98: 400022 | K98: 410026 | L98: 2 | N98: 920 | O98: 70 | P98: 12 | Q98: 52 | R98: 42 | S98: 75 | T98: 10 | V98: 761 | W98: =round((1000-V98)/2000,2) -> 0.12 | Z98: 903 | AA98: 910
A99: 40046 | B99: 狂熱信徒 | C99: SR | D99: monster | E99: 魔攻 | F99: 1,1 | G99: 68 | I99: 110011 | J99: 400012 | K99: 410019 | L99: 3 | N99: 690 | O99: 16 | P99: 73 | Q99: 25 | R99: 40 | S99: 75 | T99: 10 | V99: 624 | W99: =round((1000-V99)/2000,2) -> 0.19 | Z99: 902 | AA99: 910
A100: 40047 | B100: 墮光騎士 | C100: SR | D100: monster | E100: 物攻 | F100: 1,1 | G100: 69 | I100: 110001 | J100: 400002 | K100: 410013 | L100: 1 | N100: 660 | O100: 79 | P100: 15 | Q100: 28 | R100: 30 | S100: 75 | T100: 15 | V100: 607 | W100: =round((1000-V100)/2000,2) -> 0.2 | Z100: 903 | AA100: 910
A101: 40048 | B101: 神殿騎士 | C101: SR | D101: monster | E101: 魔攻 | F101: 1,1 | G101: 69 | I101: 110012 | J101: 400011 | K101: 410021 | L101: 3 | N101: 1050 | O101: 18 | P101: 62 | Q101: 30 | R101: 32 | S101: 75 | T101: 14 | V101: 792 | W101: =round((1000-V101)/2000,2) -> 0.1 | Z101: 902 | AA101: 910
A102: 40049 | B102: 聖光獅 | C102: SR | D102: monster | E102: 物攻 | F102: 1,1 | G102: 69 | I102: 110002 | J102: 400022 | K102: 410018 | L102: 3 | N102: 750 | O102: 74 | P102: 13 | Q102: 36 | R102: 39 | S102: 75 | T102: 17 | V102: 662 | W102: =round((1000-V102)/2000,2) -> 0.17 | Z102: 903 | AA102: 910
A103: 40050 | B103: 聖堂亡魂 | C103: SR | D103: monster | E103: 魔攻 | F103: 1,1 | G103: 65 | I103: 110011 | J103: 400015 | K103: 410018 | L103: 1 | N103: 950 | O103: 15 | P103: 64 | Q103: 42 | R103: 50 | S103: 75 | T103: 10 | V103: 771 | W103: =round((1000-V103)/2000,2) -> 0.11 | Z103: 902 | AA103: 910
A104: 40051 | B104: 雪狼 | C104: SR | D104: monster | E104: 魔攻 | F104: 1,1 | G104: 62 | I104: 110012 | J104: 400013 | K104: 410029 | L104: 3 | N104: 710 | O104: 17 | P104: 80 | Q104: 25 | R104: 44 | S104: 75 | T104: 19 | V104: 646 | W104: =round((1000-V104)/2000,2) -> 0.18 | Z104: 902 | AA104: 910
A105: 40052 | B105: 聖骸兵 | C105: SR | D105: monster | E105: 物攻 | F105: 1,1 | G105: 67 | I105: 110001 | J105: 400029 | K105: 410026 | L105: 2 | N105: 850 | O105: 71 | P105: 14 | Q105: 48 | R105: 34 | S105: 75 | T105: 15 | V105: 717 | W105: =round((1000-V105)/2000,2) -> 0.14 | Z105: 903 | AA105: 910
A106: 40053 | B106: 赤焰妖 | C106: SR | D106: monster | E106: 魔攻 | F106: 1,1 | G106: 64 | I106: 110011 | J106: 400009 | K106: 410027 | L106: 2 | N106: 730 | O106: 14 | P106: 77 | Q106: 27 | R106: 45 | S106: 75 | T106: 10 | V106: 653 | W106: =round((1000-V106)/2000,2) -> 0.17 | Z106: 902 | AA106: 910
A107: 40054 | B107: 誓約亡魂 | C107: SR | D107: monster | E107: 物攻 | F107: 1,1 | G107: 65 | I107: 110002 | J107: 400022 | K107: 410026 | L107: 3 | N107: 940 | O107: 69 | P107: 15 | Q107: 55 | R107: 45 | S107: 75 | T107: 13 | V107: 779 | W107: =round((1000-V107)/2000,2) -> 0.11 | Z107: 903 | AA107: 910
A108: 40055 | B108: 鬼火 | C108: SR | D108: monster | E108: 魔攻 | F108: 1,1 | G108: 65 | I108: 110012 | J108: 400009 | K108: 410027 | L108: 2 | N108: 820 | O108: 12 | P108: 75 | Q108: 44 | R108: 36 | S108: 75 | T108: 10 | V108: 702 | W108: =round((1000-V108)/2000,2) -> 0.15 | Z108: 902 | AA108: 910
A109: 40056 | B109: 骷髏戰士 | C109: SR | D109: monster | E109: 物攻 | F109: 1,1 | G109: 65 | I109: 110001 | J109: 400016 | K109: 410006 | L109: 3 | N109: 790 | O109: 77 | P109: 13 | Q109: 37 | R109: 34 | S109: 75 | T109: 11 | V109: 681 | W109: =round((1000-V109)/2000,2) -> 0.16 | Z109: 903 | AA109: 910
...

Sheet maplist
A2: type | B2: info | C2: begin_time | D2: end_time | E2: #備註
B3: 神格試煉 | C3: 46245.999 | D3: 46610.999 | E3: #固定玩法
A4: tower | B4: 試煉之塔 | C4: 46245.999 | D4: 46610.999
B5: 無限地城 | C5: 46245.999 | D5: 46610.999 | E5: #固定玩法
A6: annihilation | B6: 殲滅任務 | C6: 46245.999 | D6: 46610.999

Sheet mapdata
A1: mapid | B1: type | C1: chapter | D1: hint | E1: level | F1: tag_limit | G1: quest | H1: arrangement | I1: Capability | J1: event1_name | K1: event1_type | L1: event1_buff | M1: event1_time | N1: event1_target | O1: event1_rate | P1: event2_name | Q1: event2_type | R1: event2_buff | S1: event2_time | T1: event2_target | U1: event2_rate | V1: loot1_id | W1: loot1_amount | X1: loot1_rate | Y1: loot2_id | Z1: loot2_amount | AA1: loot2_rate | AB1: loot3_id | AC1: loot3_amount | AD1: loot3_rate | AE1: loot4_id | AF1: loot4_amount | AG1: loot4_rate
A3: 101 | B3: tower | D3: 第1層 | E3: 2 | G3: {role:-1}, {id:-1},{id:-1},{id:-1},{id:-1},{id:-1} {id:40082},{id:40015},{id:40004},{id:40036},{id:40032} | H3: 1 | J3: 敵方弱化 | K3: select_enemy | L3: 2002,2003,2004 | M3: 3 | N3: 1 | O3: 1 | P3: 信號干擾 | Q3: debuff | R3: 2004 | S3: 2,9,11 | T3: 0 | U3: 1 | V3: 70001 | W3: 1 | X3: 1 | Y3: 8000 | Z3: 101 | AA3: 1 | AB3: 1001 | AC3: 100 | AD3: 1
A4: 102 | B4: tower | D4: 第2層 | E4: 4 | G4: {role:-1}, {id:-1},{id:-1},{id:-1},{id:-1},{id:-1} {id:40012},{id:40076},{id:40055},{id:40005},{id:40004} | H4: 1 | J4: 信息同享 | K4: buff | L4: 1005 | M4: 4 | O4: 1 | P4: 泥濘 | Q4: debuff | R4: 2005 | S4: 9 | T4: 0 | U4: 1 | V4: 70001 | W4: 1 | X4: 1 | Y4: 8000 | Z4: 102 | AA4: 1 | AB4: 1001 | AC4: 100 | AD4: 1
A5: 103 | B5: tower | D5: 第3層 | E5: 6 | G5: {role:-1}, {id:-1},{id:-1},{id:-1},{id:-1},{id:-1} {id:40078},{id:40004},{id:40072},{id:40026},{id:40084} | H5: 1 | J5: 敵方弱化 | K5: select_enemy | L5: 2002,2003,2004 | M5: 4,7,9 | N5: 1 | O5: 1 | P5: 酸雨 | Q5: debuff | R5: 2002 | S5: 5,10 | T5: 0 | U5: 1 | V5: 70001 | W5: 1 | X5: 1 | Y5: 8000 | Z5: 103 | AA5: 1 | AB5: 1001 | AC5: 100 | AD5: 1
A6: 104 | B6: tower | D6: 第4層 | E6: 8 | G6: {role:-1}, {id:-1},{id:-1},{id:-1},{id:-1},{id:-1} {id:40001},{id:40021},{id:40055},{id:40044},{id:40036} | H6: 1 | J6: 磁場共振 | K6: buff | L6: 1003 | M6: 4 | O6: 1 | P6: 信號干擾 | Q6: debuff | R6: 2004 | S6: 2,13 | T6: 0 | U6: 1 | V6: 70001 | W6: 1 | X6: 1 | Y6: 8000 | Z6: 104 | AA6: 1 | AB6: 1001 | AC6: 100 | AD6: 1
A7: 105 | B7: tower | D7: 第5層 | E7: 10 | G7: {role:-1}, {id:-1},{id:-1},{id:-1},{id:-1},{id:-1} {id:50001},{id:40049},{id:40013},{id:40046},{id:40045} | H7: 1 | J7: 敵方弱化 | K7: select_enemy | L7: 2002,2003,2004 | M7: 1,5,8 | N7: 1 | O7: 1 | P7: 泥濘 | Q7: debuff | R7: 2005 | S7: 2,7,13 | T7: 0 | U7: 1 | V7: 70001 | W7: 1 | X7: 1 | Y7: 8000 | Z7: 105 | AA7: 1 | AB7: 1001 | AC7: 100 | AD7: 1
A8: 106 | B8: tower | D8: 第6層 | E8: 12 | G8: {role:-1}, {id:-1},{id:-1},{id:-1},{id:-1},{id:-1} {id:40071},{id:40038},{id:40081},{id:40080},{id:40047} | H8: 1 | J8: 大晴天 | K8: buff | L8: 1001 | M8: 2,4,12 | O8: 1 | P8: 酸雨 | Q8: debuff | R8: 2002 | S8: 11 | T8: 0 | U8: 1 | V8: 70001 | W8: 1 | X8: 1 | Y8: 8000 | Z8: 106 | AA8: 1 | AB8: 1001 | AC8: 100 | AD8: 1
A9: 107 | B9: tower | D9: 第7層 | E9: 14 | G9: {role:-1}, {id:-1},{id:-1},{id:-1},{id:-1},{id:-1} {id:40030},{id:40038},{id:40011},{id:40013},{id:40049} | H9: 1 | J9: 敵方弱化 | K9: select_enemy | L9: 2002,2003,2004 | M9: 8,11 | N9: 1 | O9: 1 | P9: 信號干擾 | Q9: debuff | R9: 2004 | S9: 3,6 | T9: 0 | U9: 1 | V9: 70001 | W9: 1 | X9: 1 | Y9: 8000 | Z9: 107 | AA9: 1 | AB9: 1001 | AC9: 100 | AD9: 1
A10: 108 | B10: tower | D10: 第8層 | E10: 16 | G10: {role:-1}, {id:-1},{id:-1},{id:-1},{id:-1},{id:-1} {id:40046},{id:40027},{id:40086},{id:40035},{id:40083} | H10: 1 | J10: 信息同享 | K10: buff | L10: 1005 | M10: 10 | O10: 1 | P10: 泥濘 | Q10: debuff | R10: 2005 | S10: 3,4,9 | T10: 0 | U10: 1 | V10: 70001 | W10: 1 | X10: 1 | Y10: 8000 | Z10: 108 | AA10: 1 | AB10: 1001 | AC10: 100 | AD10: 1
A11: 109 | B11: tower | D11: 第9層 | E11: 18 | G11: {role:-1}, {id:-1},{id:-1},{id:-1},{id:-1},{id:-1} {id:40021},{id:40060},{id:40049},{id:40035},{id:40082} | H11: 1 | J11: 敵方弱化 | K11: select_enemy | L11: 2002,2003,2004 | M11: 4,9,11 | N11: 1 | O11: 1 | P11: 酸雨 | Q11: debuff | R11: 2002 | S11: 1,13 | T11: 0 | U11: 1 | V11: 70001 | W11: 1 | X11: 1 | Y11: 8000 | Z11: 109 | AA11: 1 | AB11: 1001 | AC11: 100 | AD11: 1
A12: 110 | B12: tower | D12: 第10層 | E12: 20 | G12: {role:-1}, {id:-1},{id:-1},{id:-1},{id:-1},{id:-1} {id:50002},{id:40030},{id:40005},{id:40041},{id:40052} | H12: 1 | J12: 磁場共振 | K12: buff | L12: 1003 | M12: 2,4 | O12: 1 | P12: 信號干擾 | Q12: debuff | R12: 2004 | S12: 4,6,12 | T12: 0 | U12: 1 | V12: 70001 | W12: 1 | X12: 1 | Y12: 8000 | Z12: 110 | AA12: 1 | AB12: 1001 | AC12: 1000 | AD12: 1
A13: 111 | B13: tower | D13: 第11層 | E13: 22 | G13: {role:-1}, {id:-1},{id:-1},{id:-1},{id:-1},{id:-1} {id:40084},{id:40064},{id:40051},{id:40083},{id:40059} | H13: 1 | J13: 敵方弱化 | K13: select_enemy | L13: 2002,2003,2004 | M13: 5 | N13: 1 | O13: 1 | P13: 泥濘 | Q13: debuff | R13: 2005 | S13: 4 | T13: 0 | U13: 1 | V13: 70001 | W13: 1 | X13: 1 | Y13: 8000 | Z13: 111 | AA13: 1 | AB13: 1001 | AC13: 100 | AD13: 1
A14: 112 | B14: tower | D14: 第12層 | E14: 24 | G14: {role:-1}, {id:-1},{id:-1},{id:-1},{id:-1},{id:-1} {id:40072},{id:40069},{id:40034},{id:40075},{id:40055} | H14: 1 | J14: 大晴天 | K14: buff | L14: 1001 | M14: 4,6,7 | O14: 1 | P14: 酸雨 | Q14: debuff | R14: 2002 | S14: 9 | T14: 0 | U14: 1 | V14: 70001 | W14: 1 | X14: 1 | Y14: 8000 | Z14: 112 | AA14: 1 | AB14: 1001 | AC14: 100 | AD14: 1
A15: 113 | B15: tower | D15: 第13層 | E15: 26 | G15: {role:-1}, {id:-1},{id:-1},{id:-1},{id:-1},{id:-1} {id:40064},{id:40012},{id:40007},{id:40015},{id:40020} | H15: 1 | J15: 敵方弱化 | K15: select_enemy | L15: 2002,2003,2004 | M15: 3,7,11 | N15: 1 | O15: 1 | P15: 信號干擾 | Q15: debuff | R15: 2004 | S15: 2,7,12 | T15: 0 | U15: 1 | V15: 70001 | W15: 1 | X15: 1 | Y15: 8000 | Z15: 113 | AA15: 1 | AB15: 1001 | AC15: 100 | AD15: 1
A16: 114 | B16: tower | D16: 第14層 | E16: 28 | G16: {role:-1}, {id:-1},{id:-1},{id:-1},{id:-1},{id:-1} {id:40077},{id:40060},{id:40068},{id:40033},{id:40071} | H16: 1 | J16: 信息同享 | K16: buff | L16: 1005 | M16: 11 | O16: 1 | P16: 泥濘 | Q16: debuff | R16: 2005 | S16: 2,9,11 | T16: 0 | U16: 1 | V16: 70001 | W16: 1 | X16: 1 | Y16: 8000 | Z16: 114 | AA16: 1 | AB16: 1001 | AC16: 100 | AD16: 1
A17: 115 | B17: tower | D17: 第15層 | E17: 30 | G17: {role:-1}, {id:-1},{id:-1},{id:-1},{id:-1},{id:-1} {id:50003},{id:40035},{id:40083},{id:40044},{id:40015} | H17: 1 | J17: 敵方弱化 | K17: select_enemy | L17: 2002,2003,2004 | M17: 3,7 | N17: 1 | O17: 1 | P17: 酸雨 | Q17: debuff | R17: 2002 | S17: 1,12 | T17: 0 | U17: 1 | V17: 70001 | W17: 1 | X17: 1 | Y17: 8000 | Z17: 115 | AA17: 1 | AB17: 1001 | AC17: 100 | AD17: 1
A18: 116 | B18: tower | D18: 第16層 | E18: 32 | G18: {role:-1}, {id:-1},{id:-1},{id:-1},{id:-1},{id:-1} {id:40034},{id:40065},{id:40023},{id:40014},{id:40081} | H18: 1 | J18: 磁場共振 | K18: buff | L18: 1003 | M18: 9,11 | O18: 1 | P18: 信號干擾 | Q18: debuff | R18: 2004 | S18: 3,4,6 | T18: 0 | U18: 1 | V18: 70001 | W18: 1 | X18: 1 | Y18: 8000 | Z18: 116 | AA18: 1 | AB18: 1001 | AC18: 100 | AD18: 1
A19: 117 | B19: tower | D19: 第17層 | E19: 34 | G19: {role:-1}, {id:-1},{id:-1},{id:-1},{id:-1},{id:-1} {id:40021},{id:40070},{id:40068},{id:40001},{id:40077} | H19: 1 | J19: 敵方弱化 | K19: select_enemy | L19: 2002,2003,2004 | M19: 1,8 | N19: 1 | O19: 1 | P19: 泥濘 | Q19: debuff | R19: 2005 | S19: 6 | T19: 0 | U19: 1 | V19: 70001 | W19: 1 | X19: 1 | Y19: 8000 | Z19: 117 | AA19: 1 | AB19: 1001 | AC19: 100 | AD19: 1
A20: 118 | B20: tower | D20: 第18層 | E20: 36 | G20: {role:-1}, {id:-1},{id:-1},{id:-1},{id:-1},{id:-1} {id:40040},{id:40031},{id:40008},{id:40073},{id:40011} | H20: 1 | J20: 大晴天 | K20: buff | L20: 1001 | M20: 12 | O20: 1 | P20: 酸雨 | Q20: debuff | R20: 2002 | S20: 2,9 | T20: 0 | U20: 1 | V20: 70001 | W20: 1 | X20: 1 | Y20: 8000 | Z20: 118 | AA20: 1 | AB20: 1001 | AC20: 100 | AD20: 1
A21: 119 | B21: tower | D21: 第19層 | E21: 38 | G21: {role:-1}, {id:-1},{id:-1},{id:-1},{id:-1},{id:-1} {id:40017},{id:40085},{id:40061},{id:40071},{id:40022} | H21: 1 | J21: 敵方弱化 | K21: select_enemy | L21: 2002,2003,2004 | M21: 9,10 | N21: 1 | O21: 1 | P21: 信號干擾 | Q21: debuff | R21: 2004 | S21: 4,9 | T21: 0 | U21: 1 | V21: 70001 | W21: 1 | X21: 1 | Y21: 8000 | Z21: 119 | AA21: 1 | AB21: 1001 | AC21: 100 | AD21: 1
A22: 120 | B22: tower | D22: 第20層 | E22: 40 | G22: {role:-1}, {id:-1},{id:-1},{id:-1},{id:-1},{id:-1} {id:50004},{id:40026},{id:40040},{id:40052},{id:40086} | H22: 1 | J22: 信息同享 | K22: buff | L22: 1005 | M22: 6,8,9 | O22: 1 | P22: 泥濘 | Q22: debuff | R22: 2005 | S22: 2,4 | T22: 0 | U22: 1 | V22: 70001 | W22: 1 | X22: 1 | Y22: 8000 | Z22: 120 | AA22: 1 | AB22: 1001 | AC22: 1000 | AD22: 1
A23: 121 | B23: tower | D23: 第21層 | E23: 42 | G23: {role:-1}, {id:-1},{id:-1},{id:-1},{id:-1},{id:-1} {id:40029},{id:40009},{id:40044},{id:40003},{id:40076} | H23: 1 | J23: 敵方弱化 | K23: select_enemy | L23: 2002,2003,2004 | M23: 4,10,13 | N23: 1 | O23: 1 | P23: 酸雨 | Q23: debuff | R23: 2002 | S23: 2 | T23: 0 | U23: 1 | V23: 70001 | W23: 1 | X23: 1 | Y23: 8000 | Z23: 121 | AA23: 1 | AB23: 1001 | AC23: 100 | AD23: 1
A24: 122 | B24: tower | D24: 第22層 | E24: 44 | G24: {role:-1}, {id:-1},{id:-1},{id:-1},{id:-1},{id:-1} {id:40081},{id:40008},{id:40030},{id:40009},{id:40005} | H24: 1 | J24: 磁場共振 | K24: buff | L24: 1003 | M24: 2,9 | O24: 1 | P24: 信號干擾 | Q24: debuff | R24: 2004 | S24: 5 | T24: 0 | U24: 1 | V24: 70001 | W24: 1 | X24: 1 | Y24: 8000 | Z24: 122 | AA24: 1 | AB24: 1001 | AC24: 100 | AD24: 1
A25: 123 | B25: tower | D25: 第23層 | E25: 46 | G25: {role:-1}, {id:-1},{id:-1},{id:-1},{id:-1},{id:-1} {id:40086},{id:40063},{id:40028},{id:40070},{id:40017} | H25: 1 | J25: 敵方弱化 | K25: select_enemy | L25: 2002,2003,2004 | M25: 8,10,13 | N25: 1 | O25: 1 | P25: 泥濘 | Q25: debuff | R25: 2005 | S25: 13 | T25: 0 | U25: 1 | V25: 70001 | W25: 1 | X25: 1 | Y25: 8000 | Z25: 123 | AA25: 1 | AB25: 1001 | AC25: 100 | AD25: 1
A26: 124 | B26: tower | D26: 第24層 | E26: 48 | G26: {role:-1}, {id:-1},{id:-1},{id:-1},{id:-1},{id:-1} {id:40061},{id:40053},{id:40025},{id:40013},{id:40085} | H26: 1 | J26: 大晴天 | K26: buff | L26: 1001 | M26: 6,7 | O26: 1 | P26: 酸雨 | Q26: debuff | R26: 2002 | S26: 8,12 | T26: 0 | U26: 1 | V26: 70001 | W26: 1 | X26: 1 | Y26: 8000 | Z26: 124 | AA26: 1 | AB26: 1001 | AC26: 100 | AD26: 1
A27: 125 | B27: tower | D27: 第25層 | E27: 50 | G27: {role:-1}, {id:-1},{id:-1},{id:-1},{id:-1},{id:-1} {id:50005},{id:40007},{id:40087},{id:40084},{id:40083} | H27: 1 | J27: 敵方弱化 | K27: select_enemy | L27: 2002,2003,2004 | M27: 1 | N27: 1 | O27: 1 | P27: 信號干擾 | Q27: debuff | R27: 2004 | S27: 6,12 | T27: 0 | U27: 1 | V27: 70001 | W27: 1 | X27: 1 | Y27: 8000 | Z27: 125 | AA27: 1 | AB27: 1001 | AC27: 100 | AD27: 1
A28: 126 | B28: tower | D28: 第26層 | E28: 52 | G28: {role:-1}, {id:-1},{id:-1},{id:-1},{id:-1},{id:-1} {id:40014},{id:40032},{id:40025},{id:40069},{id:40058} | H28: 1 | J28: 信息同享 | K28: buff | L28: 1005 | M28: 7 | O28: 1 | P28: 泥濘 | Q28: debuff | R28: 2005 | S28: 5 | T28: 0 | U28: 1 | V28: 70001 | W28: 1 | X28: 1 | Y28: 8000 | Z28: 126 | AA28: 1 | AB28: 1001 | AC28: 100 | AD28: 1
A29: 127 | B29: tower | D29: 第27層 | E29: 54 | G29: {role:-1}, {id:-1},{id:-1},{id:-1},{id:-1},{id:-1} {id:40060},{id:40032},{id:40010},{id:40057},{id:40071} | H29: 1 | J29: 敵方弱化 | K29: select_enemy | L29: 2002,2003,2004 | M29: 1 | N29: 1 | O29: 1 | P29: 酸雨 | Q29: debuff | R29: 2002 | S29: 1,2,9 | T29: 0 | U29: 1 | V29: 70001 | W29: 1 | X29: 1 | Y29: 8000 | Z29: 127 | AA29: 1 | AB29: 1001 | AC29: 100 | AD29: 1
A30: 128 | B30: tower | D30: 第28層 | E30: 56 | G30: {role:-1}, {id:-1},{id:-1},{id:-1},{id:-1},{id:-1} {id:40031},{id:40022},{id:40053},{id:40063},{id:40062} | H30: 1 | J30: 磁場共振 | K30: buff | L30: 1003 | M30: 7 | O30: 1 | P30: 信號干擾 | Q30: debuff | R30: 2004 | S30: 3 | T30: 0 | U30: 1 | V30: 70001 | W30: 1 | X30: 1 | Y30: 8000 | Z30: 128 | AA30: 1 | AB30: 1001 | AC30: 100 | AD30: 1
A31: 129 | B31: tower | D31: 第29層 | E31: 58 | G31: {role:-1}, {id:-1},{id:-1},{id:-1},{id:-1},{id:-1} {id:40049},{id:40001},{id:40050},{id:40034},{id:40059} | H31: 1 | J31: 敵方弱化 | K31: select_enemy | L31: 2002,2003,2004 | M31: 7,12 | N31: 1 | O31: 1 | P31: 泥濘 | Q31: debuff | R31: 2005 | S31: 9,11,13 | T31: 0 | U31: 1 | V31: 70001 | W31: 1 | X31: 1 | Y31: 8000 | Z31: 129 | AA31: 1 | AB31: 1001 | AC31: 100 | AD31: 1
A32: 130 | B32: tower | D32: 第30層 | E32: 60 | G32: {role:-1}, {id:-1},{id:-1},{id:-1},{id:-1},{id:-1} {id:50006},{id:40063},{id:40020},{id:40025},{id:40038} | H32: 1 | J32: 大晴天 | K32: buff | L32: 1001 | M32: 1 | O32: 1 | P32: 酸雨 | Q32: debuff | R32: 2002 | S32: 1,9,12 | T32: 0 | U32: 1 | V32: 70001 | W32: 1 | X32: 1 | Y32: 8000 | Z32: 130 | AA32: 1 | AB32: 1001 | AC32: 1000 | AD32: 1
A33: 131 | B33: tower | D33: 第31層 | E33: 62 | G33: {role:-1}, {id:-1},{id:-1},{id:-1},{id:-1},{id:-1} {id:40041},{id:40008},{id:40007},{id:40075},{id:40062} | H33: 1 | J33: 敵方弱化 | K33: select_enemy | L33: 2002,2003,2004 | M33: 1,3,9 | N33: 1 | O33: 1 | P33: 信號干擾 | Q33: debuff | R33: 2004 | S33: 2,3,13 | T33: 0 | U33: 1 | V33: 70001 | W33: 1 | X33: 1 | Y33: 8000 | Z33: 131 | AA33: 1 | AB33: 1001 | AC33: 100 | AD33: 1
A34: 132 | B34: tower | D34: 第32層 | E34: 64 | G34: {role:-1}, {id:-1},{id:-1},{id:-1},{id:-1},{id:-1} {id:40077},{id:40009},{id:40087},{id:40031},{id:40052} | H34: 1 | J34: 信息同享 | K34: buff | L34: 1005 | M34: 10 | O34: 1 | P34: 泥濘 | Q34: debuff | R34: 2005 | S34: 10 | T34: 0 | U34: 1 | V34: 70001 | W34: 1 | X34: 1 | Y34: 8000 | Z34: 132 | AA34: 1 | AB34: 1001 | AC34: 100 | AD34: 1
A35: 133 | B35: tower | D35: 第33層 | E35: 66 | G35: {role:-1}, {id:-1},{id:-1},{id:-1},{id:-1},{id:-1} {id:40077},{id:40006},{id:40080},{id:40011},{id:40054} | H35: 1 | J35: 敵方弱化 | K35: select_enemy | L35: 2002,2003,2004 | M35: 9,10,13 | N35: 1 | O35: 1 | P35: 酸雨 | Q35: debuff | R35: 2002 | S35: 4,5 | T35: 0 | U35: 1 | V35: 70001 | W35: 1 | X35: 1 | Y35: 8000 | Z35: 133 | AA35: 1 | AB35: 1001 | AC35: 100 | AD35: 1
A36: 134 | B36: tower | D36: 第34層 | E36: 68 | G36: {role:-1}, {id:-1},{id:-1},{id:-1},{id:-1},{id:-1} {id:40086},{id:40041},{id:40031},{id:40034},{id:40051} | H36: 1 | J36: 磁場共振 | K36: buff | L36: 1003 | M36: 11 | O36: 1 | P36: 信號干擾 | Q36: debuff | R36: 2004 | S36: 5,6,8 | T36: 0 | U36: 1 | V36: 70001 | W36: 1 | X36: 1 | Y36: 8000 | Z36: 134 | AA36: 1 | AB36: 1001 | AC36: 100 | AD36: 1
A37: 135 | B37: tower | D37: 第35層 | E37: 70 | G37: {role:-1}, {id:-1},{id:-1},{id:-1},{id:-1},{id:-1} {id:50007},{id:40010},{id:40002},{id:40059},{id:40080} | H37: 1 | J37: 敵方弱化 | K37: select_enemy | L37: 2002,2003,2004 | M37: 2,9,13 | N37: 1 | O37: 1 | P37: 泥濘 | Q37: debuff | R37: 2005 | S37: 9 | T37: 0 | U37: 1 | V37: 70001 | W37: 1 | X37: 1 | Y37: 8000 | Z37: 135 | AA37: 1 | AB37: 1001 | AC37: 100 | AD37: 1
A38: 136 | B38: tower | D38: 第36層 | E38: 72 | G38: {role:-1}, {id:-1},{id:-1},{id:-1},{id:-1},{id:-1} {id:40034},{id:40017},{id:40045},{id:40009},{id:40032} | H38: 1 | J38: 大晴天 | K38: buff | L38: 1001 | M38: 3,5 | O38: 1 | P38: 酸雨 | Q38: debuff | R38: 2002 | S38: 9,12 | T38: 0 | U38: 1 | V38: 70001 | W38: 1 | X38: 1 | Y38: 8000 | Z38: 136 | AA38: 1 | AB38: 1001 | AC38: 100 | AD38: 1
A39: 137 | B39: tower | D39: 第37層 | E39: 74 | G39: {role:-1}, {id:-1},{id:-1},{id:-1},{id:-1},{id:-1} {id:40039},{id:40079},{id:40084},{id:40068},{id:40002} | H39: 1 | J39: 敵方弱化 | K39: select_enemy | L39: 2002,2003,2004 | M39: 5,9,11 | N39: 1 | O39: 1 | P39: 信號干擾 | Q39: debuff | R39: 2004 | S39: 3 | T39: 0 | U39: 1 | V39: 70001 | W39: 1 | X39: 1 | Y39: 8000 | Z39: 137 | AA39: 1 | AB39: 1001 | AC39: 100 | AD39: 1
A40: 138 | B40: tower | D40: 第38層 | E40: 76 | G40: {role:-1}, {id:-1},{id:-1},{id:-1},{id:-1},{id:-1} {id:40034},{id:40015},{id:40014},{id:40071},{id:40020} | H40: 1 | J40: 信息同享 | K40: buff | L40: 1005 | M40: 5,10 | O40: 1 | P40: 泥濘 | Q40: debuff | R40: 2005 | S40: 12 | T40: 0 | U40: 1 | V40: 70001 | W40: 1 | X40: 1 | Y40: 8000 | Z40: 138 | AA40: 1 | AB40: 1001 | AC40: 100 | AD40: 1
A41: 139 | B41: tower | D41: 第39層 | E41: 78 | G41: {role:-1}, {id:-1},{id:-1},{id:-1},{id:-1},{id:-1} {id:40044},{id:40027},{id:40082},{id:40034},{id:40065} | H41: 1 | J41: 敵方弱化 | K41: select_enemy | L41: 2002,2003,2004 | M41: 1,5 | N41: 1 | O41: 1 | P41: 酸雨 | Q41: debuff | R41: 2002 | S41: 11 | T41: 0 | U41: 1 | V41: 70001 | W41: 1 | X41: 1 | Y41: 8000 | Z41: 139 | AA41: 1 | AB41: 1001 | AC41: 100 | AD41: 1
A42: 140 | B42: tower | D42: 第40層 | E42: 80 | G42: {role:-1}, {id:-1},{id:-1},{id:-1},{id:-1},{id:-1} {id:50008},{id:40055},{id:40036},{id:40006},{id:40001} | H42: 1 | J42: 磁場共振 | K42: buff | L42: 1003 | M42: 3,13 | O42: 1 | P42: 信號干擾 | Q42: debuff | R42: 2004 | S42: 3,5,8 | T42: 0 | U42: 1 | V42: 70001 | W42: 1 | X42: 1 | Y42: 8000 | Z42: 140 | AA42: 1 | AB42: 1001 | AC42: 1000 | AD42: 1
A43: 141 | B43: tower | D43: 第41層 | E43: 82 | G43: {role:-1}, {id:-1},{id:-1},{id:-1},{id:-1},{id:-1} {id:40071},{id:40055},{id:40072},{id:40002},{id:40015} | H43: 1 | J43: 敵方弱化 | K43: select_enemy | L43: 2002,2003,2004 | M43: 12 | N43: 1 | O43: 1 | P43: 泥濘 | Q43: debuff | R43: 2005 | S43: 9 | T43: 0 | U43: 1 | V43: 70001 | W43: 1 | X43: 1 | Y43: 8000 | Z43: 141 | AA43: 1 | AB43: 1001 | AC43: 100 | AD43: 1
A44: 142 | B44: tower | D44: 第42層 | E44: 84 | G44: {role:-1}, {id:-1},{id:-1},{id:-1},{id:-1},{id:-1} {id:40005},{id:40048},{id:40075},{id:40071},{id:40019} | H44: 1 | J44: 大晴天 | K44: buff | L44: 1001 | M44: 1,3 | O44: 1 | P44: 酸雨 | Q44: debuff | R44: 2002 | S44: 1,6 | T44: 0 | U44: 1 | V44: 70001 | W44: 1 | X44: 1 | Y44: 8000 | Z44: 142 | AA44: 1 | AB44: 1001 | AC44: 100 | AD44: 1
A45: 143 | B45: tower | D45: 第43層 | E45: 86 | G45: {role:-1}, {id:-1},{id:-1},{id:-1},{id:-1},{id:-1} {id:40046},{id:40027},{id:40032},{id:40086},{id:40014} | H45: 1 | J45: 敵方弱化 | K45: select_enemy | L45: 2002,2003,2004 | M45: 9,13 | N45: 1 | O45: 1 | P45: 信號干擾 | Q45: debuff | R45: 2004 | S45: 10,12 | T45: 0 | U45: 1 | V45: 70001 | W45: 1 | X45: 1 | Y45: 8000 | Z45: 143 | AA45: 1 | AB45: 1001 | AC45: 100 | AD45: 1
A46: 144 | B46: tower | D46: 第44層 | E46: 88 | G46: {role:-1}, {id:-1},{id:-1},{id:-1},{id:-1},{id:-1} {id:40020},{id:40031},{id:40021},{id:40023},{id:40053} | H46: 1 | J46: 信息同享 | K46: buff | L46: 1005 | M46: 3 | O46: 1 | P46: 泥濘 | Q46: debuff | R46: 2005 | S46: 6,7,11 | T46: 0 | U46: 1 | V46: 70001 | W46: 1 | X46: 1 | Y46: 8000 | Z46: 144 | AA46: 1 | AB46: 1001 | AC46: 100 | AD46: 1
A47: 145 | B47: tower | D47: 第45層 | E47: 90 | G47: {role:-1}, {id:-1},{id:-1},{id:-1},{id:-1},{id:-1} {id:50009},{id:40032},{id:40035},{id:40021},{id:40014} | H47: 1 | J47: 敵方弱化 | K47: select_enemy | L47: 2002,2003,2004 | M47: 1,8 | N47: 1 | O47: 1 | P47: 酸雨 | Q47: debuff | R47: 2002 | S47: 4 | T47: 0 | U47: 1 | V47: 70001 | W47: 1 | X47: 1 | Y47: 8000 | Z47: 145 | AA47: 1 | AB47: 1001 | AC47: 100 | AD47: 1
A48: 146 | B48: tower | D48: 第46層 | E48: 92 | G48: {role:-1}, {id:-1},{id:-1},{id:-1},{id:-1},{id:-1} {id:40059},{id:40045},{id:40040},{id:40030},{id:40029} | H48: 1 | J48: 磁場共振 | K48: buff | L48: 1003 | M48: 11 | O48: 1 | P48: 信號干擾 | Q48: debuff | R48: 2004 | S48: 7 | T48: 0 | U48: 1 | V48: 70001 | W48: 1 | X48: 1 | Y48: 8000 | Z48: 146 | AA48: 1 | AB48: 1001 | AC48: 100 | AD48: 1
A49: 147 | B49: tower | D49: 第47層 | E49: 94 | G49: {role:-1}, {id:-1},{id:-1},{id:-1},{id:-1},{id:-1} {id:40043},{id:40036},{id:40009},{id:40045},{id:40083} | H49: 1 | J49: 敵方弱化 | K49: select_enemy | L49: 2002,2003,2004 | M49: 7,9,11 | N49: 1 | O49: 1 | P49: 泥濘 | Q49: debuff | R49: 2005 | S49: 1,2 | T49: 0 | U49: 1 | V49: 70001 | W49: 1 | X49: 1 | Y49: 8000 | Z49: 147 | AA49: 1 | AB49: 1001 | AC49: 100 | AD49: 1
A50: 148 | B50: tower | D50: 第48層 | E50: 96 | G50: {role:-1}, {id:-1},{id:-1},{id:-1},{id:-1},{id:-1} {id:40034},{id:40023},{id:40075},{id:40005},{id:40014} | H50: 1 | J50: 大晴天 | K50: buff | L50: 1001 | M50: 6,7,12 | O50: 1 | P50: 酸雨 | Q50: debuff | R50: 2002 | S50: 9,10 | T50: 0 | U50: 1 | V50: 70001 | W50: 1 | X50: 1 | Y50: 8000 | Z50: 148 | AA50: 1 | AB50: 1001 | AC50: 100 | AD50: 1
A51: 149 | B51: tower | D51: 第49層 | E51: 98 | G51: {role:-1}, {id:-1},{id:-1},{id:-1},{id:-1},{id:-1} {id:40015},{id:40050},{id:40074},{id:40025},{id:40033} | H51: 1 | J51: 敵方弱化 | K51: select_enemy | L51: 2002,2003,2004 | M51: 12 | N51: 1 | O51: 1 | P51: 信號干擾 | Q51: debuff | R51: 2004 | S51: 1,9 | T51: 0 | U51: 1 | V51: 70001 | W51: 1 | X51: 1 | Y51: 8000 | Z51: 149 | AA51: 1 | AB51: 1001 | AC51: 100 | AD51: 1
A52: 150 | B52: tower | D52: 第50層 | E52: 100 | G52: {role:-1}, {id:-1},{id:-1},{id:-1},{id:-1},{id:-1} {id:50010},{id:40069},{id:40086},{id:40026},{id:40047} | H52: 1 | J52: 信息同享 | K52: buff | L52: 1005 | M52: 2,11 | O52: 1 | P52: 泥濘 | Q52: debuff | R52: 2005 | S52: 6,10 | T52: 0 | U52: 1 | V52: 70001 | W52: 1 | X52: 1 | Y52: 8000 | Z52: 150 | AA52: 1 | AB52: 1001 | AC52: 1000 | AD52: 1
A53: 151 | B53: tower | D53: 第51層 | E53: 102 | G53: {role:-1}, {id:-1},{id:-1},{id:-1},{id:-1},{id:-1} {id:40085},{id:40016},{id:40039},{id:40065},{id:40040} | H53: 1 | J53: 敵方弱化 | K53: select_enemy | L53: 2002,2003,2004 | M53: 6,7,13 | N53: 1 | O53: 1 | P53: 酸雨 | Q53: debuff | R53: 2002 | S53: 3,5,9 | T53: 0 | U53: 1 | V53: 70001 | W53: 1 | X53: 1 | Y53: 8000 | Z53: 151 | AA53: 1 | AB53: 1001 | AC53: 100 | AD53: 1
A54: 152 | B54: tower | D54: 第52層 | E54: 104 | G54: {role:-1}, {id:-1},{id:-1},{id:-1},{id:-1},{id:-1} {id:40025},{id:40054},{id:40086},{id:40049},{id:40087} | H54: 1 | J54: 磁場共振 | K54: buff | L54: 1003 | M54: 3,10,12 | O54: 1 | P54: 信號干擾 | Q54: debuff | R54: 2004 | S54: 7,9 | T54: 0 | U54: 1 | V54: 70001 | W54: 1 | X54: 1 | Y54: 8000 | Z54: 152 | AA54: 1 | AB54: 1001 | AC54: 100 | AD54: 1
A55: 153 | B55: tower | D55: 第53層 | E55: 106 | G55: {role:-1}, {id:-1},{id:-1},{id:-1},{id:-1},{id:-1} {id:40001},{id:40039},{id:40037},{id:40027},{id:40056} | H55: 1 | J55: 敵方弱化 | K55: select_enemy | L55: 2002,2003,2004 | M55: 6,10,11 | N55: 1 | O55: 1 | P55: 泥濘 | Q55: debuff | R55: 2005 | S55: 8,13 | T55: 0 | U55: 1 | V55: 70001 | W55: 1 | X55: 1 | Y55: 8000 | Z55: 153 | AA55: 1 | AB55: 1001 | AC55: 100 | AD55: 1
A56: 154 | B56: tower | D56: 第54層 | E56: 108 | G56: {role:-1}, {id:-1},{id:-1},{id:-1},{id:-1},{id:-1} {id:40087},{id:40028},{id:40066},{id:40061},{id:40022} | H56: 1 | J56: 大晴天 | K56: buff | L56: 1001 | M56: 2,5,9 | O56: 1 | P56: 酸雨 | Q56: debuff | R56: 2002 | S56: 6,10,11 | T56: 0 | U56: 1 | V56: 70001 | W56: 1 | X56: 1 | Y56: 8000 | Z56: 154 | AA56: 1 | AB56: 1001 | AC56: 100 | AD56: 1
A57: 155 | B57: tower | D57: 第55層 | E57: 110 | G57: {role:-1}, {id:-1},{id:-1},{id:-1},{id:-1},{id:-1} {id:50011},{id:40012},{id:40031},{id:40087},{id:40040} | H57: 1 | J57: 敵方弱化 | K57: select_enemy | L57: 2002,2003,2004 | M57: 13 | N57: 1 | O57: 1 | P57: 信號干擾 | Q57: debuff | R57: 2004 | S57: 3 | T57: 0 | U57: 1 | V57: 70001 | W57: 1 | X57: 1 | Y57: 8000 | Z57: 155 | AA57: 1 | AB57: 1001 | AC57: 100 | AD57: 1
A58: 156 | B58: tower | D58: 第56層 | E58: 112 | G58: {role:-1}, {id:-1},{id:-1},{id:-1},{id:-1},{id:-1} {id:40004},{id:40006},{id:40032},{id:40061},{id:40079} | H58: 1 | J58: 信息同享 | K58: buff | L58: 1005 | M58: 8 | O58: 1 | P58: 泥濘 | Q58: debuff | R58: 2005 | S58: 10,11 | T58: 0 | U58: 1 | V58: 70001 | W58: 1 | X58: 1 | Y58: 8000 | Z58: 156 | AA58: 1 | AB58: 1001 | AC58: 100 | AD58: 1
A59: 157 | B59: tower | D59: 第57層 | E59: 114 | G59: {role:-1}, {id:-1},{id:-1},{id:-1},{id:-1},{id:-1} {id:40025},{id:40050},{id:40064},{id:40052},{id:40032} | H59: 1 | J59: 敵方弱化 | K59: select_enemy | L59: 2002,2003,2004 | M59: 11 | N59: 1 | O59: 1 | P59: 酸雨 | Q59: debuff | R59: 2002 | S59: 1,2,7 | T59: 0 | U59: 1 | V59: 70001 | W59: 1 | X59: 1 | Y59: 8000 | Z59: 157 | AA59: 1 | AB59: 1001 | AC59: 100 | AD59: 1
A60: 158 | B60: tower | D60: 第58層 | E60: 116 | G60: {role:-1}, {id:-1},{id:-1},{id:-1},{id:-1},{id:-1} {id:40029},{id:40023},{id:40067},{id:40060},{id:40007} | H60: 1 | J60: 磁場共振 | K60: buff | L60: 1003 | M60: 2,4,8 | O60: 1 | P60: 信號干擾 | Q60: debuff | R60: 2004 | S60: 13 | T60: 0 | U60: 1 | V60: 70001 | W60: 1 | X60: 1 | Y60: 8000 | Z60: 158 | AA60: 1 | AB60: 1001 | AC60: 100 | AD60: 1
A61: 159 | B61: tower | D61: 第59層 | E61: 118 | G61: {role:-1}, {id:-1},{id:-1},{id:-1},{id:-1},{id:-1} {id:40060},{id:40086},{id:40068},{id:40072},{id:40077} | H61: 1 | J61: 敵方弱化 | K61: select_enemy | L61: 2002,2003,2004 | M61: 8,13 | N61: 1 | O61: 1 | P61: 泥濘 | Q61: debuff | R61: 2005 | S61: 7,9,12 | T61: 0 | U61: 1 | V61: 70001 | W61: 1 | X61: 1 | Y61: 8000 | Z61: 159 | AA61: 1 | AB61: 1001 | AC61: 100 | AD61: 1
A62: 160 | B62: tower | D62: 第60層 | E62: 120 | G62: {role:-1}, {id:-1},{id:-1},{id:-1},{id:-1},{id:-1} {id:50012},{id:40071},{id:40058},{id:40021},{id:40061} | H62: 1 | J62: 大晴天 | K62: buff | L62: 1001 | M62: 4,5 | O62: 1 | P62: 酸雨 | Q62: debuff | R62: 2002 | S62: 5,8,9 | T62: 0 | U62: 1 | V62: 70001 | W62: 1 | X62: 1 | Y62: 8000 | Z62: 160 | AA62: 1 | AB62: 1001 | AC62: 1000 | AD62: 1
A63: 161 | B63: tower | D63: 第61層 | E63: 122 | G63: {role:-1}, {id:-1},{id:-1},{id:-1},{id:-1},{id:-1} {id:40081},{id:40031},{id:40036},{id:40057},{id:40010} | H63: 1 | J63: 敵方弱化 | K63: select_enemy | L63: 2002,2003,2004 | M63: 4,5,13 | N63: 1 | O63: 1 | P63: 信號干擾 | Q63: debuff | R63: 2004 | S63: 6,9 | T63: 0 | U63: 1 | V63: 70001 | W63: 1 | X63: 1 | Y63: 8000 | Z63: 161 | AA63: 1 | AB63: 1001 | AC63: 100 | AD63: 1
A64: 162 | B64: tower | D64: 第62層 | E64: 124 | G64: {role:-1}, {id:-1},{id:-1},{id:-1},{id:-1},{id:-1} {id:40011},{id:40018},{id:40020},{id:40030},{id:40050} | H64: 1 | J64: 信息同享 | K64: buff | L64: 1005 | M64: 3,4,12 | O64: 1 | P64: 泥濘 | Q64: debuff | R64: 2005 | S64: 7 | T64: 0 | U64: 1 | V64: 70001 | W64: 1 | X64: 1 | Y64: 8000 | Z64: 162 | AA64: 1 | AB64: 1001 | AC64: 100 | AD64: 1
A65: 163 | B65: tower | D65: 第63層 | E65: 126 | G65: {role:-1}, {id:-1},{id:-1},{id:-1},{id:-1},{id:-1} {id:40053},{id:40043},{id:40070},{id:40060},{id:40054} | H65: 1 | J65: 敵方弱化 | K65: select_enemy | L65: 2002,2003,2004 | M65: 4 | N65: 1 | O65: 1 | P65: 酸雨 | Q65: debuff | R65: 2002 | S65: 7,10 | T65: 0 | U65: 1 | V65: 70001 | W65: 1 | X65: 1 | Y65: 8000 | Z65: 163 | AA65: 1 | AB65: 1001 | AC65: 100 | AD65: 1
A66: 164 | B66: tower | D66: 第64層 | E66: 128 | G66: {role:-1}, {id:-1},{id:-1},{id:-1},{id:-1},{id:-1} {id:40003},{id:40074},{id:40049},{id:40062},{id:40001} | H66: 1 | J66: 磁場共振 | K66: buff | L66: 1003 | M66: 5,7 | O66: 1 | P66: 信號干擾 | Q66: debuff | R66: 2004 | S66: 9,12 | T66: 0 | U66: 1 | V66: 70001 | W66: 1 | X66: 1 | Y66: 8000 | Z66: 164 | AA66: 1 | AB66: 1001 | AC66: 100 | AD66: 1
A67: 165 | B67: tower | D67: 第65層 | E67: 130 | G67: {role:-1}, {id:-1},{id:-1},{id:-1},{id:-1},{id:-1} {id:50013},{id:40070},{id:40078},{id:40029},{id:40063} | H67: 1 | J67: 敵方弱化 | K67: select_enemy | L67: 2002,2003,2004 | M67: 5 | N67: 1 | O67: 1 | P67: 泥濘 | Q67: debuff | R67: 2005 | S67: 1,8 | T67: 0 | U67: 1 | V67: 70001 | W67: 1 | X67: 1 | Y67: 8000 | Z67: 165 | AA67: 1 | AB67: 1001 | AC67: 100 | AD67: 1
A68: 166 | B68: tower | D68: 第66層 | E68: 132 | G68: {role:-1}, {id:-1},{id:-1},{id:-1},{id:-1},{id:-1} {id:40050},{id:40044},{id:40086},{id:40087},{id:40052} | H68: 1 | J68: 大晴天 | K68: buff | L68: 1001 | M68: 3,8,13 | O68: 1 | P68: 酸雨 | Q68: debuff | R68: 2002 | S68: 1,7,9 | T68: 0 | U68: 1 | V68: 70001 | W68: 1 | X68: 1 | Y68: 8000 | Z68: 166 | AA68: 1 | AB68: 1001 | AC68: 100 | AD68: 1
A69: 167 | B69: tower | D69: 第67層 | E69: 134 | G69: {role:-1}, {id:-1},{id:-1},{id:-1},{id:-1},{id:-1} {id:40076},{id:40073},{id:40085},{id:40004},{id:40011} | H69: 1 | J69: 敵方弱化 | K69: select_enemy | L69: 2002,2003,2004 | M69: 3,7,8 | N69: 1 | O69: 1 | P69: 信號干擾 | Q69: debuff | R69: 2004 | S69: 1 | T69: 0 | U69: 1 | V69: 70001 | W69: 1 | X69: 1 | Y69: 8000 | Z69: 167 | AA69: 1 | AB69: 1001 | AC69: 100 | AD69: 1
A70: 168 | B70: tower | D70: 第68層 | E70: 136 | G70: {role:-1}, {id:-1},{id:-1},{id:-1},{id:-1},{id:-1} {id:40034},{id:40049},{id:40042},{id:40028},{id:40059} | H70: 1 | J70: 信息同享 | K70: buff | L70: 1005 | M70: 6,7 | O70: 1 | P70: 泥濘 | Q70: debuff | R70: 2005 | S70: 7,13 | T70: 0 | U70: 1 | V70: 70001 | W70: 1 | X70: 1 | Y70: 8000 | Z70: 168 | AA70: 1 | AB70: 1001 | AC70: 100 | AD70: 1
A71: 169 | B71: tower | D71: 第69層 | E71: 138 | G71: {role:-1}, {id:-1},{id:-1},{id:-1},{id:-1},{id:-1} {id:40033},{id:40011},{id:40061},{id:40003},{id:40070} | H71: 1 | J71: 敵方弱化 | K71: select_enemy | L71: 2002,2003,2004 | M71: 6 | N71: 1 | O71: 1 | P71: 酸雨 | Q71: debuff | R71: 2002 | S71: 11 | T71: 0 | U71: 1 | V71: 70001 | W71: 1 | X71: 1 | Y71: 8000 | Z71: 169 | AA71: 1 | AB71: 1001 | AC71: 100 | AD71: 1
A72: 170 | B72: tower | D72: 第70層 | E72: 140 | G72: {role:-1}, {id:-1},{id:-1},{id:-1},{id:-1},{id:-1} {id:50014},{id:40009},{id:40084},{id:40006},{id:40004} | H72: 1 | J72: 磁場共振 | K72: buff | L72: 1003 | M72: 4 | O72: 1 | P72: 信號干擾 | Q72: debuff | R72: 2004 | S72: 10 | T72: 0 | U72: 1 | V72: 70001 | W72: 1 | X72: 1 | Y72: 8000 | Z72: 170 | AA72: 1 | AB72: 1001 | AC72: 1000 | AD72: 1
A73: 171 | B73: tower | D73: 第71層 | E73: 142 | G73: {role:-1}, {id:-1},{id:-1},{id:-1},{id:-1},{id:-1} {id:40020},{id:40031},{id:40017},{id:40061},{id:40086} | H73: 1 | J73: 敵方弱化 | K73: select_enemy | L73: 2002,2003,2004 | M73: 10 | N73: 1 | O73: 1 | P73: 泥濘 | Q73: debuff | R73: 2005 | S73: 8 | T73: 0 | U73: 1 | V73: 70001 | W73: 1 | X73: 1 | Y73: 8000 | Z73: 171 | AA73: 1 | AB73: 1001 | AC73: 100 | AD73: 1
A74: 172 | B74: tower | D74: 第72層 | E74: 144 | G74: {role:-1}, {id:-1},{id:-1},{id:-1},{id:-1},{id:-1} {id:40033},{id:40048},{id:40022},{id:40078},{id:40015} | H74: 1 | J74: 大晴天 | K74: buff | L74: 1001 | M74: 5 | O74: 1 | P74: 酸雨 | Q74: debuff | R74: 2002 | S74: 10 | T74: 0 | U74: 1 | V74: 70001 | W74: 1 | X74: 1 | Y74: 8000 | Z74: 172 | AA74: 1 | AB74: 1001 | AC74: 100 | AD74: 1
A75: 173 | B75: tower | D75: 第73層 | E75: 146 | G75: {role:-1}, {id:-1},{id:-1},{id:-1},{id:-1},{id:-1} {id:40004},{id:40040},{id:40074},{id:40087},{id:40049} | H75: 1 | J75: 敵方弱化 | K75: select_enemy | L75: 2002,2003,2004 | M75: 4,12 | N75: 1 | O75: 1 | P75: 信號干擾 | Q75: debuff | R75: 2004 | S75: 10 | T75: 0 | U75: 1 | V75: 70001 | W75: 1 | X75: 1 | Y75: 8000 | Z75: 173 | AA75: 1 | AB75: 1001 | AC75: 100 | AD75: 1
A76: 174 | B76: tower | D76: 第74層 | E76: 148 | G76: {role:-1}, {id:-1},{id:-1},{id:-1},{id:-1},{id:-1} {id:40081},{id:40032},{id:40014},{id:40039},{id:40077} | H76: 1 | J76: 信息同享 | K76: buff | L76: 1005 | M76: 13 | O76: 1 | P76: 泥濘 | Q76: debuff | R76: 2005 | S76: 1,6,13 | T76: 0 | U76: 1 | V76: 70001 | W76: 1 | X76: 1 | Y76: 8000 | Z76: 174 | AA76: 1 | AB76: 1001 | AC76: 100 | AD76: 1
A77: 175 | B77: tower | D77: 第75層 | E77: 150 | G77: {role:-1}, {id:-1},{id:-1},{id:-1},{id:-1},{id:-1} {id:50015},{id:40069},{id:40055},{id:40085},{id:40048} | H77: 1 | J77: 敵方弱化 | K77: select_enemy | L77: 2002,2003,2004 | M77: 9 | N77: 1 | O77: 1 | P77: 酸雨 | Q77: debuff | R77: 2002 | S77: 1,6,7 | T77: 0 | U77: 1 | V77: 70001 | W77: 1 | X77: 1 | Y77: 8000 | Z77: 175 | AA77: 1 | AB77: 1001 | AC77: 100 | AD77: 1
A78: 176 | B78: tower | D78: 第76層 | E78: 152 | G78: {role:-1}, {id:-1},{id:-1},{id:-1},{id:-1},{id:-1} {id:40063},{id:40014},{id:40056},{id:40047},{id:40082} | H78: 1 | J78: 磁場共振 | K78: buff | L78: 1003 | M78: 3,12 | O78: 1 | P78: 信號干擾 | Q78: debuff | R78: 2004 | S78: 3,12 | T78: 0 | U78: 1 | V78: 70001 | W78: 1 | X78: 1 | Y78: 8000 | Z78: 176 | AA78: 1 | AB78: 1001 | AC78: 100 | AD78: 1
A79: 177 | B79: tower | D79: 第77層 | E79: 154 | G79: {role:-1}, {id:-1},{id:-1},{id:-1},{id:-1},{id:-1} {id:40067},{id:40084},{id:40035},{id:40079},{id:40069} | H79: 1 | J79: 敵方弱化 | K79: select_enemy | L79: 2002,2003,2004 | M79: 7,8 | N79: 1 | O79: 1 | P79: 泥濘 | Q79: debuff | R79: 2005 | S79: 5,6,10 | T79: 0 | U79: 1 | V79: 70001 | W79: 1 | X79: 1 | Y79: 8000 | Z79: 177 | AA79: 1 | AB79: 1001 | AC79: 100 | AD79: 1
A80: 178 | B80: tower | D80: 第78層 | E80: 156 | G80: {role:-1}, {id:-1},{id:-1},{id:-1},{id:-1},{id:-1} {id:40032},{id:40012},{id:40036},{id:40058},{id:40060} | H80: 1 | J80: 大晴天 | K80: buff | L80: 1001 | M80: 7,10,11 | O80: 1 | P80: 酸雨 | Q80: debuff | R80: 2002 | S80: 1,8 | T80: 0 | U80: 1 | V80: 70001 | W80: 1 | X80: 1 | Y80: 8000 | Z80: 178 | AA80: 1 | AB80: 1001 | AC80: 100 | AD80: 1
A81: 179 | B81: tower | D81: 第79層 | E81: 158 | G81: {role:-1}, {id:-1},{id:-1},{id:-1},{id:-1},{id:-1} {id:40042},{id:40024},{id:40063},{id:40028},{id:40046} | H81: 1 | J81: 敵方弱化 | K81: select_enemy | L81: 2002,2003,2004 | M81: 5,6 | N81: 1 | O81: 1 | P81: 信號干擾 | Q81: debuff | R81: 2004 | S81: 5,9,12 | T81: 0 | U81: 1 | V81: 70001 | W81: 1 | X81: 1 | Y81: 8000 | Z81: 179 | AA81: 1 | AB81: 1001 | AC81: 100 | AD81: 1
A82: 180 | B82: tower | D82: 第80層 | E82: 160 | G82: {role:-1}, {id:-1},{id:-1},{id:-1},{id:-1},{id:-1} {id:50001},{id:40002},{id:40067},{id:40025},{id:40011} | H82: 1 | J82: 信息同享 | K82: buff | L82: 1005 | M82: 12 | O82: 1 | P82: 泥濘 | Q82: debuff | R82: 2005 | S82: 8,9 | T82: 0 | U82: 1 | V82: 70001 | W82: 1 | X82: 1 | Y82: 8000 | Z82: 180 | AA82: 1 | AB82: 1001 | AC82: 1000 | AD82: 1
A83: 181 | B83: tower | D83: 第81層 | E83: 162 | G83: {role:-1}, {id:-1},{id:-1},{id:-1},{id:-1},{id:-1} {id:40031},{id:40061},{id:40083},{id:40063},{id:40058} | H83: 1 | J83: 敵方弱化 | K83: select_enemy | L83: 2002,2003,2004 | M83: 2 | N83: 1 | O83: 1 | P83: 酸雨 | Q83: debuff | R83: 2002 | S83: 4,7 | T83: 0 | U83: 1 | V83: 70001 | W83: 1 | X83: 1 | Y83: 8000 | Z83: 181 | AA83: 1 | AB83: 1001 | AC83: 100 | AD83: 1
A84: 182 | B84: tower | D84: 第82層 | E84: 164 | G84: {role:-1}, {id:-1},{id:-1},{id:-1},{id:-1},{id:-1} {id:40032},{id:40040},{id:40085},{id:40075},{id:40048} | H84: 1 | J84: 磁場共振 | K84: buff | L84: 1003 | M84: 9,13 | O84: 1 | P84: 信號干擾 | Q84: debuff | R84: 2004 | S84: 7,12 | T84: 0 | U84: 1 | V84: 70001 | W84: 1 | X84: 1 | Y84: 8000 | Z84: 182 | AA84: 1 | AB84: 1001 | AC84: 100 | AD84: 1
A85: 183 | B85: tower | D85: 第83層 | E85: 166 | G85: {role:-1}, {id:-1},{id:-1},{id:-1},{id:-1},{id:-1} {id:40071},{id:40043},{id:40046},{id:40059},{id:40035} | H85: 1 | J85: 敵方弱化 | K85: select_enemy | L85: 2002,2003,2004 | M85: 4,5 | N85: 1 | O85: 1 | P85: 泥濘 | Q85: debuff | R85: 2005 | S85: 12 | T85: 0 | U85: 1 | V85: 70001 | W85: 1 | X85: 1 | Y85: 8000 | Z85: 183 | AA85: 1 | AB85: 1001 | AC85: 100 | AD85: 1
A86: 184 | B86: tower | D86: 第84層 | E86: 168 | G86: {role:-1}, {id:-1},{id:-1},{id:-1},{id:-1},{id:-1} {id:40025},{id:40041},{id:40016},{id:40069},{id:40024} | H86: 1 | J86: 大晴天 | K86: buff | L86: 1001 | M86: 4 | O86: 1 | P86: 酸雨 | Q86: debuff | R86: 2002 | S86: 5,8,10 | T86: 0 | U86: 1 | V86: 70001 | W86: 1 | X86: 1 | Y86: 8000 | Z86: 184 | AA86: 1 | AB86: 1001 | AC86: 100 | AD86: 1
A87: 185 | B87: tower | D87: 第85層 | E87: 170 | G87: {role:-1}, {id:-1},{id:-1},{id:-1},{id:-1},{id:-1} {id:50002},{id:40068},{id:40077},{id:40037},{id:40013} | H87: 1 | J87: 敵方弱化 | K87: select_enemy | L87: 2002,2003,2004 | M87: 5 | N87: 1 | O87: 1 | P87: 信號干擾 | Q87: debuff | R87: 2004 | S87: 6 | T87: 0 | U87: 1 | V87: 70001 | W87: 1 | X87: 1 | Y87: 8000 | Z87: 185 | AA87: 1 | AB87: 1001 | AC87: 100 | AD87: 1
A88: 186 | B88: tower | D88: 第86層 | E88: 172 | G88: {role:-1}, {id:-1},{id:-1},{id:-1},{id:-1},{id:-1} {id:40023},{id:40039},{id:40002},{id:40069},{id:40017} | H88: 1 | J88: 信息同享 | K88: buff | L88: 1005 | M88: 1,13 | O88: 1 | P88: 泥濘 | Q88: debuff | R88: 2005 | S88: 3,5,12 | T88: 0 | U88: 1 | V88: 70001 | W88: 1 | X88: 1 | Y88: 8000 | Z88: 186 | AA88: 1 | AB88: 1001 | AC88: 100 | AD88: 1
A89: 187 | B89: tower | D89: 第87層 | E89: 174 | G89: {role:-1}, {id:-1},{id:-1},{id:-1},{id:-1},{id:-1} {id:40082},{id:40063},{id:40014},{id:40002},{id:40074} | H89: 1 | J89: 敵方弱化 | K89: select_enemy | L89: 2002,2003,2004 | M89: 8,13 | N89: 1 | O89: 1 | P89: 酸雨 | Q89: debuff | R89: 2002 | S89: 3,6 | T89: 0 | U89: 1 | V89: 70001 | W89: 1 | X89: 1 | Y89: 8000 | Z89: 187 | AA89: 1 | AB89: 1001 | AC89: 100 | AD89: 1
A90: 188 | B90: tower | D90: 第88層 | E90: 176 | G90: {role:-1}, {id:-1},{id:-1},{id:-1},{id:-1},{id:-1} {id:40007},{id:40033},{id:40062},{id:40015},{id:40009} | H90: 1 | J90: 磁場共振 | K90: buff | L90: 1003 | M90: 2,8 | O90: 1 | P90: 信號干擾 | Q90: debuff | R90: 2004 | S90: 1,11,13 | T90: 0 | U90: 1 | V90: 70001 | W90: 1 | X90: 1 | Y90: 8000 | Z90: 188 | AA90: 1 | AB90: 1001 | AC90: 100 | AD90: 1
A91: 189 | B91: tower | D91: 第89層 | E91: 178 | G91: {role:-1}, {id:-1},{id:-1},{id:-1},{id:-1},{id:-1} {id:40020},{id:40073},{id:40039},{id:40011},{id:40032} | H91: 1 | J91: 敵方弱化 | K91: select_enemy | L91: 2002,2003,2004 | M91: 9 | N91: 1 | O91: 1 | P91: 泥濘 | Q91: debuff | R91: 2005 | S91: 10,13 | T91: 0 | U91: 1 | V91: 70001 | W91: 1 | X91: 1 | Y91: 8000 | Z91: 189 | AA91: 1 | AB91: 1001 | AC91: 100 | AD91: 1
A92: 190 | B92: tower | D92: 第90層 | E92: 180 | G92: {role:-1}, {id:-1},{id:-1},{id:-1},{id:-1},{id:-1} {id:50003},{id:40080},{id:40029},{id:40067},{id:40049} | H92: 1 | J92: 大晴天 | K92: buff | L92: 1001 | M92: 5,8 | O92: 1 | P92: 酸雨 | Q92: debuff | R92: 2002 | S92: 5,7,10 | T92: 0 | U92: 1 | V92: 70001 | W92: 1 | X92: 1 | Y92: 8000 | Z92: 190 | AA92: 1 | AB92: 1001 | AC92: 1000 | AD92: 1
A93: 191 | B93: tower | D93: 第91層 | E93: 182 | G93: {role:-1}, {id:-1},{id:-1},{id:-1},{id:-1},{id:-1} {id:40080},{id:40008},{id:40079},{id:40013},{id:40027} | H93: 1 | J93: 敵方弱化 | K93: select_enemy | L93: 2002,2003,2004 | M93: 4,5,11 | N93: 1 | O93: 1 | P93: 信號干擾 | Q93: debuff | R93: 2004 | S93: 3 | T93: 0 | U93: 1 | V93: 70001 | W93: 1 | X93: 1 | Y93: 8000 | Z93: 191 | AA93: 1 | AB93: 1001 | AC93: 100 | AD93: 1
A94: 192 | B94: tower | D94: 第92層 | E94: 184 | G94: {role:-1}, {id:-1},{id:-1},{id:-1},{id:-1},{id:-1} {id:40031},{id:40023},{id:40071},{id:40010},{id:40021} | H94: 1 | J94: 信息同享 | K94: buff | L94: 1005 | M94: 7 | O94: 1 | P94: 泥濘 | Q94: debuff | R94: 2005 | S94: 10,12 | T94: 0 | U94: 1 | V94: 70001 | W94: 1 | X94: 1 | Y94: 8000 | Z94: 192 | AA94: 1 | AB94: 1001 | AC94: 100 | AD94: 1
A95: 193 | B95: tower | D95: 第93層 | E95: 186 | G95: {role:-1}, {id:-1},{id:-1},{id:-1},{id:-1},{id:-1} {id:40061},{id:40038},{id:40005},{id:40030},{id:40037} | H95: 1 | J95: 敵方弱化 | K95: select_enemy | L95: 2002,2003,2004 | M95: 5,8,12 | N95: 1 | O95: 1 | P95: 酸雨 | Q95: debuff | R95: 2002 | S95: 11 | T95: 0 | U95: 1 | V95: 70001 | W95: 1 | X95: 1 | Y95: 8000 | Z95: 193 | AA95: 1 | AB95: 1001 | AC95: 100 | AD95: 1
A96: 194 | B96: tower | D96: 第94層 | E96: 188 | G96: {role:-1}, {id:-1},{id:-1},{id:-1},{id:-1},{id:-1} {id:40030},{id:40034},{id:40081},{id:40076},{id:40085} | H96: 1 | J96: 磁場共振 | K96: buff | L96: 1003 | M96: 7 | O96: 1 | P96: 信號干擾 | Q96: debuff | R96: 2004 | S96: 9 | T96: 0 | U96: 1 | V96: 70001 | W96: 1 | X96: 1 | Y96: 8000 | Z96: 194 | AA96: 1 | AB96: 1001 | AC96: 100 | AD96: 1
A97: 195 | B97: tower | D97: 第95層 | E97: 190 | G97: {role:-1}, {id:-1},{id:-1},{id:-1},{id:-1},{id:-1} {id:50004},{id:40029},{id:40083},{id:40020},{id:40035} | H97: 1 | J97: 敵方弱化 | K97: select_enemy | L97: 2002,2003,2004 | M97: 2 | N97: 1 | O97: 1 | P97: 泥濘 | Q97: debuff | R97: 2005 | S97: 3 | T97: 0 | U97: 1 | V97: 70001 | W97: 1 | X97: 1 | Y97: 8000 | Z97: 195 | AA97: 1 | AB97: 1001 | AC97: 100 | AD97: 1
A98: 196 | B98: tower | D98: 第96層 | E98: 192 | G98: {role:-1}, {id:-1},{id:-1},{id:-1},{id:-1},{id:-1} {id:40040},{id:40077},{id:40073},{id:40037},{id:40057} | H98: 1 | J98: 大晴天 | K98: buff | L98: 1001 | M98: 8 | O98: 1 | P98: 酸雨 | Q98: debuff | R98: 2002 | S98: 5,7,12 | T98: 0 | U98: 1 | V98: 70001 | W98: 1 | X98: 1 | Y98: 8000 | Z98: 196 | AA98: 1 | AB98: 1001 | AC98: 100 | AD98: 1
A99: 197 | B99: tower | D99: 第97層 | E99: 194 | G99: {role:-1}, {id:-1},{id:-1},{id:-1},{id:-1},{id:-1} {id:40035},{id:40065},{id:40070},{id:40064},{id:40057} | H99: 1 | J99: 敵方弱化 | K99: select_enemy | L99: 2002,2003,2004 | M99: 10 | N99: 1 | O99: 1 | P99: 信號干擾 | Q99: debuff | R99: 2004 | S99: 7 | T99: 0 | U99: 1 | V99: 70001 | W99: 1 | X99: 1 | Y99: 8000 | Z99: 197 | AA99: 1 | AB99: 1001 | AC99: 100 | AD99: 1
A100: 198 | B100: tower | D100: 第98層 | E100: 196 | G100: {role:-1}, {id:-1},{id:-1},{id:-1},{id:-1},{id:-1} {id:40042},{id:40078},{id:40033},{id:40004},{id:40012} | H100: 1 | J100: 信息同享 | K100: buff | L100: 1005 | M100: 11 | O100: 1 | P100: 泥濘 | Q100: debuff | R100: 2005 | S100: 1,10,11 | T100: 0 | U100: 1 | V100: 70001 | W100: 1 | X100: 1 | Y100: 8000 | Z100: 198 | AA100: 1 | AB100: 1001 | AC100: 100 | AD100: 1
A101: 199 | B101: tower | D101: 第99層 | E101: 198 | G101: {role:-1}, {id:-1},{id:-1},{id:-1},{id:-1},{id:-1} {id:40035},{id:40074},{id:40006},{id:40023},{id:40061} | H101: 1 | J101: 敵方弱化 | K101: select_enemy | L101: 2002,2003,2004 | M101: 5,8,11 | N101: 1 | O101: 1 | P101: 酸雨 | Q101: debuff | R101: 2002 | S101: 10 | T101: 0 | U101: 1 | V101: 70001 | W101: 1 | X101: 1 | Y101: 8000 | Z101: 199 | AA101: 1 | AB101: 1001 | AC101: 100 | AD101: 1
...

Sheet text
A1: mapid | B1: type | C1: timing | D1: info | E1: 操作備註
B2: guide | E2: 遊戲一開始就獲得這給的道具；並且不顯示起始禮包領取的頁面 隱藏提供，直接進入劇情
A3: 100 | B3: story | C3: before | D3: 夜色籠罩整片魔王領域。 遠方的天空已經被黑紅色的雲層完全覆蓋。 終焉神殿懸浮在破碎的大地之上。 | E3: $一開始全螢幕覆蓋魔王城的圖；直接上下遮罩開始左邊的旁白，旁白完後淡出進入戰鬥 遊戲初始開始時，像是劇情對話一樣的，下方有對話框；玩家點選一次則跑出下一條文字；文字結束後進入下一個欄位
B4: guide | E4: 出現閃爍的框供玩家點選，引導玩家使用技能來完成戰鬥 *下方的所有選單需要先進行上鎖 請點擊技能 請點擊對象 玩家點選其他的地方都會顯示"請依照引導" $ 職業、天賦、武器、裝備、召喚全部都要鎖，按鈕都不能按
A5: 100 | B5: story | C5: after | D5: 『世界正在崩塌。』 魔王：『勇者，你還是不明白。』 匿名的勇者：『我……一定會阻止你。』 魔王：『即使再來一次，你也會走上同一條路。』 匿名的勇者：『再來一次？』 永恆聖鏡：『時間回溯開始。』 匿名的勇者：『等等……我的記憶……』 『時間逆流，戰場消失，無數記憶化為光芒。』 | E5: $戰勝後仍然回魔王城(全螢幕覆蓋>上下遮罩出現)的圖接著上旁白、下對話，主角統一顯示在右邊，非主角圖案統一顯示在左 $匿名的勇者仍然是主角的立繪 $永恆聖境時；把永恆聖鏡圖放在正中央出來顯示他的對話，之後不要消失直到這段落結束 上方預計要擺人物；有名稱加上 : 的是人物，沒有的則是旁白 (1)旁白出現在上對話框 (2)說話統一顯示在下方對話框 玩家點選一次則跑出下一條文字；文字結束後進入下一個欄位
A6: 100 | B6: story | C6: after | D6: 『微風吹過草原。』 艾琳：你醒了？ 匿名的勇者：這裡是哪裡？ 艾琳：中央自由地帶附近。 匿名的勇者：我叫什麼？ 艾琳：不知道。 匿名的勇者：但我知道一件事。 艾琳：什麼？ 匿名的勇者：我是勇者。 『除此之外，腦海一片空白。』 艾琳：那還是為你取個名字吧？ 匿名的勇者：嗯嗯…… | E6: $換上中央地帶的背景
B7: guide | E7: 玩家可以透過輸入法輸入自己的名稱(開啟網頁的輸入法；讓玩家可以打字) $取名功能的後方依然要用全黑的遮罩(僅剩取名用的視窗)
A8: 100 | B8: story | C8: after | E8: $接下來開始；劇情文本中出現的<name>都是玩家自己取的ID名字 要自己帶入
B9: guide | D9: 教官：劍士、戰士、弓手、盜賊、法師、祭司。 <name>：我以前是哪一個？ 教官：你自己也不知道？ <name>：不知道。 教官：那就選現在的你。 <name>：好。 『玩家完成初始職業選擇。』 | E9: 選擇 劍士 戰士 弓劍手 盜賊 魔法師 實習祭司 * 選擇職業時；點選各個職業要有對應不同的顯示；點選後跳出(點一次就會重新讀取一次 >後的內容) 劍士 > 穩定的持續輸出職業，擁有較強的戰場強化狀態 戰士 > 防禦與守護強力的前鋒，具備高生命值 弓劍手 > 持續輸出與控制戰場的靈活戰鬥者 盜賊 > 極致爆擊與物理單體的強力輸出 魔法師 > 掌控強大元素的魔法攻擊，擅長大範圍群體傷害 實習祭司 > 庇護隊友與施展神聖之力的信仰初學者，擅長治療恢復與基礎防護支援 * 並且點選技能的ICON要能看到技能說明(顯示彈窗的層級至最前) * "替換"的按鈕統一製作改成選擇 選擇職業後；獲得該職業
B10: guide | D10: 艾琳：『選擇好職業了嗎？』 艾琳：『但勇者，光靠空手我看可無法輕易生存呢。』 <name>：『這是什麼？』 艾琳：『聖遺物召喚券。』 <name>：『聖遺物……和我記憶裡的東西有關嗎？』 艾琳：『它們來自歷史與傳說中的名器，有些甚至曾被英雄使用。』 <name>：『也就是說，我可以重新選擇自己的武器。』 艾琳：『沒錯。』 <name>：『那就來吧。』 召喚陣：『光芒聚集。』 『勇者再次握住武器，而沉睡的身體本能，似乎認出了它。』 | E10: *解鎖召喚頁面(看到一個鎖頭解開) 轉跳到召喚頁面開始對話 引導點選召喚武器 *召喚結果的彈窗如果玩家沒有點選關閉，就不繼續下一步；點了才跳入佈陣的引導
B11: guide | E11: 引導至佈陣畫面，讓玩家點選自動佈陣 *畫面切回主介面，點選挑戰開始進入第一關 *解鎖主線頁面(看到一個鎖頭解開)
A12: 1009 | B12: story | C12: before | D12: 公會長：平原最近有幾個商隊失聯。 <name>：魔物？ 公會長：也可能只是迷路。 露娜：我正要去做採集調查。 <name>：那就一起。 露娜：我們才第一次見面。 <name>：那就從這裡開始認識。
A13: 1008 | B13: story | C13: after | D13: 『夕陽下，一群灰狼突然改變方向。』 露娜：牠們原本要往村子。 <name>：現在卻往北跑。 農夫：這幾天每天都這樣。 <name>：北邊有什麼？ 農夫：只有舊獵道。 『一隻灰狼撞上樹樁，掉下一枚生鏽的鐵牌。』 <name>：這個不是狼的東西。 露娜：上面有很舊的徽記。 <name>：我好像拿過。
A14: 1011 | B14: story | C14: after | D14: 『岩地安靜得異常。』 露娜：棕熊的腳印到這裡就斷了。 <name>：不是被吃掉。 露娜：你怎麼知道？ <name>：我不知道……但我很確定。 『<name>蹲下摸過石面。』 <name>：這裡以前埋過東西。 露娜：你又想起什麼了？ <name>：沒有，只是知道怎麼找。
A15: 1015 | B15: story | C15: before | D15: 『峽谷深處傳來狼群低鳴。』 露娜：你聽到了嗎？ <name>：聽到了。 <name>：這聲音……我好像在等它。 露娜：等它做什麼？ <name>：不知道。 『<name>看向古老石門。』 <name>：這門後面應該有東西。 露娜：你又不能確定。 <name>：但我必須看。
A16: 1029 | B16: story | C16: before | D16: 『巨型狼王從岩壁上躍下。』 『牠沒有說話，只是死死盯著<name>。』 『狼王俯身、蓄力。』 <name>：……這個動作。 『<name>下意識做出防禦姿勢。』 『戰鬥開始。』
A17: 1029 | B17: story | C17: after | D17: 『狼王倒下。』 <name>：剛才那一瞬間，我看見了一座燃燒的神殿。
A18: 1029 | B18: story | C18: after | D18: 露娜：你剛才真的看到了什麼？ <name>：一座神殿。 露娜：哪裡？ <name>：不知道。 露娜：那為什麼要去遺跡？ <name>：因為我第一次覺得，答案就在前面。 露娜：好。 露娜：那我們一起找。
A19: =A18+1 -> 1030 | B19: story | C19: after | D19: 『古老石門與風雨平原的徽記完全吻合。』 露娜：這裡至少封了幾百年。 <name>：我卻覺得自己見過。 露娜：你確定？ <name>：不。 <name>：只是很像一場做過很多次的夢。
A20: =A19+7 -> 1037 | B20: story | C20: after | D20: 『火焰史萊姆倒下後，露出一塊刻字石片。』 露娜：這不是祭壇碎片。 <name>：上面寫著『異界』。 露娜：你認得這個字？ <name>：認得。 露娜：這不屬於這裡的文字。 <name>：因為我看過。 『腦海閃過一扇陌生的門。』 <name>：我好像就是從那裡來的。
A21: =A20+4 -> 1041 | B21: story | C21: after | D21: 『水面漂著一枚舊徽章。』 露娜：這是勇者徽章？ <name>：給我。 『<name>握住徽章。』 『短暫出現數秒畫面。』 『一名年輕的<name>站在陌生村莊前。』 村民：勇者大人，歡迎你。 <name>：……我以前真的來過。
A22: 1059 | B22: story | C22: before | D22: 『祭壇上的石像沒有五官。』 露娜：這尊像是在等誰？ <name>：像是在等我。 『石像胸口裂開。』 『一道光落入<name>手中。』 <name>：這就是聖物。 露娜：你想起什麼？ <name>：有人把劍交給我。 <name>：然後說，我必須活下去。
A23: 1059 | B23: story | C23: after | D23: 『史萊姆國王巨大身軀壓過祭壇。』 『牠只發出沉重的鳴叫。』 『祭壇上的火焰隨著戰鬥忽明忽暗。』 『最後一擊落下。』 『國王倒下，祭壇中央的聖物完全甦醒。』 <name>：我想起來了……一點點。
A24: 1059 | B24: story | C24: after | D24: 露娜：你現在知道自己從哪裡來了。 <name>：知道一點。 露娜：還是不知道為什麼要打魔王。 <name>：對。 露娜：那就繼續找。 <name>：嗯。
A25: 1060 | B25: story | C25: before | D25: 艾德蒙：把徽章給我看看。 <name>：它屬於誰？ 艾德蒙：屬於過去的勇者。 <name>：也就是我？ 艾德蒙：很可能。 露娜：那就查清楚。 艾德蒙：研究院會把資料給你們。
A26: =A25+5 -> 1065 | B26: story | C26: after | D26: 『一本古書自動翻頁。』 艾德蒙：這是上一代勇者留下的戰鬥記錄。 <name>：這個姿勢…… 露娜：你認得？ <name>：不是認得。 <name>：是身體知道。 『<name>下意識握住不存在的劍柄。』 艾德蒙：這就是記憶殘留。
A27: =A26+5 -> 1070 | B27: story | C27: after | D27: 『一份泛黃研究報告掉落在地。』 露娜：上面有你的字跡。 <name>：不可能。 露娜：日期是七年前。 <name>：給我。 『紙上只有一句話：不要相信第一次看到的真相。』 露娜：這是你寫的。 <name>：所以我以前已經知道自己會忘記。
A28: =A27+5 -> 1075 | B28: story | C28: after | D28: 『星圖亮起。』 艾德蒙：這些星位是勇者隊伍的行動路線。 <name>：隊伍？ 艾德蒙：你曾經不是一個人。 『星圖投影出數道身影。』 <name>：我看不清他們的臉。 露娜：至少知道有人陪你走過。 <name>：這就夠了。
A29: =A28+7 -> 1082 | B29: story | C29: after | D29: 『黑影掠過資料庫。』 『對方不說話，只搶走一份卷宗。』 <name>：站住！ 『黑影甩出煙幕。』 『<name>追出數步，忽然停下。』 <name>：他的逃跑方式…… 露娜：你認得？ <name>：像是看過很多次。
A30: 1089 | B30: story | C30: after | D30: 艾德蒙：卷宗提到中央自由地帶。 <name>：去那裡做什麼？ 艾德蒙：找一份你親手接過的委託。 <name>：也許那就是我開始真正冒險的地方。
A31: 1093 | B31: story | C31: after | D31: 『新的區域映入眼前。』 露娜：這裡就是中央自由地帶。 <name>：我有種說不出的熟悉感。 露娜：有記憶嗎？ <name>：還不到可以稱為記憶。 露娜：那就先記住現在看到的。
A32: =A31+7 -> 1100 | B32: story | C32: after | D32: 『中央自由地帶的舊任務單出現在視線中。』 露娜：你認識這個嗎？ <name>：我不知道。 『<name>伸手觸碰。』 <name>：等一下…… 『一段短暫影像掠過。』 露娜：你看到了什麼？ <name>：一個片段。 露娜：什麼片段？ <name>：舊任務單。 『影像消失。』
A33: =A32+7 -> 1107 | B33: story | C33: after | D33: 『中央自由地帶的熟悉的巷道出現在視線中。』 露娜：你認識這個嗎？ <name>：我不知道。 『<name>伸手觸碰。』 <name>：等一下…… 『一段短暫影像掠過。』 露娜：你看到了什麼？ <name>：一個片段。 露娜：什麼片段？ <name>：熟悉的巷道。 『影像消失。』
A34: =A33+7 -> 1114 | B34: story | C34: after | D34: 『中央自由地帶的救援選擇出現在視線中。』 露娜：你認識這個嗎？ <name>：我不知道。 『<name>伸手觸碰。』 <name>：等一下…… 『一段短暫影像掠過。』 露娜：你看到了什麼？ <name>：一個片段。 露娜：什麼片段？ <name>：救援選擇。 『影像消失。』
A35: 1119 | B35: story | C35: after | D35: 『黑市首領出現在中央自由地帶最深處。』 『牠沒有說話。』 『戰場因牠的出現而震動。』 <name>：……就是這裡。 『<name>的視線短暫停在Boss身上。』 『某個曾經經歷過的畫面與眼前重疊。』 <name>：原來是這樣。 『黑市首領倒下。』
A36: 1119 | B36: story | C36: after | D36: 露娜：又想起什麼了嗎？ <name>：一些零散畫面。 露娜：足夠讓你繼續了嗎？ <name>：足夠。 露娜：那就走吧。 <name>：嗯。 『下一段道路在前方展開。』
A37: 1120 | B37: story | C37: before | D37: 『新的區域映入眼前。』 露娜：這裡就是翠影森林。 <name>：我有種說不出的熟悉感。 露娜：有記憶嗎？ <name>：還不到可以稱為記憶。 露娜：那就先記住現在看到的。
A38: =A37+7 -> 1127 | B38: story | C38: after | D38: 『翠影森林的篝火出現在視線中。』 露娜：你認識這個嗎？ <name>：我不知道。 『<name>伸手觸碰。』 <name>：等一下…… 『一段短暫影像掠過。』 露娜：你看到了什麼？ <name>：一個片段。 露娜：什麼片段？ <name>：篝火。 『影像消失。』
A39: =A38+7 -> 1134 | B39: story | C39: after | D39: 『翠影森林的少女聲音出現在視線中。』 露娜：你認識這個嗎？ <name>：我不知道。 『<name>伸手觸碰。』 <name>：等一下…… 『一段短暫影像掠過。』 露娜：你看到了什麼？ <name>：一個片段。 露娜：什麼片段？ <name>：少女聲音。 『影像消失。』
A40: =A39+7 -> 1141 | B40: story | C40: after | D40: 『翠影森林的舊披風出現在視線中。』 露娜：你認識這個嗎？ <name>：我不知道。 『<name>伸手觸碰。』 <name>：等一下…… 『一段短暫影像掠過。』 露娜：你看到了什麼？ <name>：一個片段。 露娜：什麼片段？ <name>：舊披風。 『影像消失。』
A41: 1149 | B41: story | C41: after | D41: 『古樹之王出現在翠影森林最深處。』 『牠沒有說話。』 『戰場因牠的出現而震動。』 <name>：……就是這裡。 『<name>的視線短暫停在Boss身上。』 『某個曾經經歷過的畫面與眼前重疊。』 <name>：原來是這樣。 『戰鬥開始。』
A42: 1149 | B42: story | C42: after | D42: 『古樹之王倒下。』 露娜：又想起什麼了嗎？ <name>：一段影片。 露娜：足夠讓你繼續了嗎？ <name>：足夠。 露娜：那就走吧。 <name>：嗯。 『下一段道路在前方展開。』
A43: =A42+1 -> 1150 | B43: story | C43: after | D43: 『新的區域映入眼前。』 露娜：這裡就是賢者之都。 <name>：我有種說不出的熟悉感。 露娜：有記憶嗎？ <name>：還不到可以稱為記憶。 露娜：那就先記住現在看到的。
A44: =A43+11 -> 1161 | B44: story | C44: after | D44: 『賢者之都的勇者印記出現在視線中。』 露娜：你認識這個嗎？ <name>：我不知道。 『<name>伸手觸碰。』 <name>：等一下…… 『一段短暫影像掠過。』 露娜：你看到了什麼？ <name>：一個片段。 露娜：什麼片段？ <name>：勇者印記。 『影像消失。』
A45: =A44+11 -> 1172 | B45: story | C45: after | D45: 『賢者之都的研究報告出現在視線中。』 露娜：你認識這個嗎？ <name>：我不知道。 『<name>伸手觸碰。』 <name>：等一下…… 『一段短暫影像掠過。』 露娜：你看到了什麼？ <name>：一個片段。 露娜：什麼片段？ <name>：研究報告。 『影像消失。』
A46: =A45+11 -> 1183 | B46: story | C46: after | D46: 『賢者之都的隊伍名單出現在視線中。』 露娜：你認識這個嗎？ <name>：我不知道。 『<name>伸手觸碰。』 <name>：等一下…… 『一段短暫影像掠過。』 露娜：你看到了什麼？ <name>：一個片段。 露娜：什麼片段？ <name>：隊伍名單。 『影像消失。』
A47: =A46+6 -> 1189 | B47: story | C47: after | D47: 『大賢者・摩爾德出現在賢者之都最深處。』 『牠沒有說話。』 『戰場因牠的出現而震動。』 <name>：……就是這裡。 『<name>的視線短暫停在Boss身上。』 『某個曾經經歷過的畫面與眼前重疊。』 <name>：原來是這樣。 『戰鬥開始。』
A48: 1189 | B48: story | C48: after | D48: 『大賢者・摩爾德倒下。』 露娜：又想起什麼了嗎？ <name>：一些零散畫面。 露娜：足夠讓你繼續了嗎？ <name>：足夠。 露娜：那就走吧。 <name>：嗯。 『下一段道路在前方展開。』
A49: =A48+1 -> 1190 | B49: story | C49: before | D49: 『新的區域映入眼前。』 露娜：這裡就是魔導塔群。 <name>：我有種說不出的熟悉感。 露娜：有記憶嗎？ <name>：還不到可以稱為記憶。 露娜：那就先記住現在看到的。
A50: =A49+11 -> 1201 | B50: story | C50: after | D50: 『魔導塔群的防禦本能出現在視線中。』 露娜：你認識這個嗎？ <name>：我不知道。 『<name>伸手觸碰。』 <name>：等一下…… 『一段短暫影像掠過。』 露娜：你看到了什麼？ <name>：一個片段。 露娜：什麼片段？ <name>：防禦本能。 『影像消失。』
A51: =A50+11 -> 1212 | B51: story | C51: after | D51: 『魔導塔群的魔法施放本能出現在視線中。』 露娜：你認識這個嗎？ <name>：我不知道。 『<name>伸手觸碰。』 <name>：等一下…… 『一段短暫影像掠過。』 露娜：你看到了什麼？ <name>：一個片段。 露娜：什麼片段？ <name>：魔法施放本能。 『影像消失。』
A52: =A51+11 -> 1223 | B52: story | C52: after | D52: 『魔導塔群的失敗記憶出現在視線中。』 露娜：你認識這個嗎？ <name>：我不知道。 『<name>伸手觸碰。』 <name>：等一下…… 『一段短暫影像掠過。』 露娜：你看到了什麼？ <name>：一個片段。 露娜：什麼片段？ <name>：失敗記憶。 『影像消失。』
A53: =A52+5 -> 1228 | B53: story | C53: after | D53: 『禁術塔主出現在魔導塔群最深處。』 『牠沒有說話。』 『戰場因牠的出現而震動。』 <name>：……就是這裡。 『<name>的視線短暫停在Boss身上。』 『某個曾經經歷過的畫面與眼前重疊。』 <name>：原來是這樣。 『戰鬥開始。』
A54: =A53 -> 1228 | B54: story | C54: after | D54: 『禁術塔主倒下。』 露娜：又想起什麼了嗎？ <name>：一些零散畫面。 露娜：足夠讓你繼續了嗎？ <name>：足夠。 露娜：那就走吧。 <name>：嗯。 『下一段道路在前方展開。』
A55: =A54+1 -> 1229 | B55: story | C55: before | D55: 『新的區域映入眼前。』 露娜：這裡就是光輝平原。 <name>：我有種說不出的熟悉感。 露娜：有記憶嗎？ <name>：還不到可以稱為記憶。 露娜：那就先記住現在看到的。
A56: =A55+1 -> 1230 | B56: story | C56: after | D56: 『光輝平原的民眾呼喊出現在視線中。』 露娜：你認識這個嗎？ <name>：我不知道。 『<name>伸手觸碰。』 <name>：等一下…… 『一段短暫影像掠過。』 露娜：你看到了什麼？ <name>：一個片段。 露娜：什麼片段？ <name>：民眾呼喊。 『影像消失。』
A57: =A56+11 -> 1241 | B57: story | C57: after | D57: 『光輝平原的旗幟出現在視線中。』 露娜：你認識這個嗎？ <name>：我不知道。 『<name>伸手觸碰。』 <name>：等一下…… 『一段短暫影像掠過。』 露娜：你看到了什麼？ <name>：一個片段。 露娜：什麼片段？ <name>：旗幟。 『影像消失。』
A58: =A57+11 -> 1252 | B58: story | C58: after | D58: 『光輝平原的戰場命令出現在視線中。』 露娜：你認識這個嗎？ <name>：我不知道。 『<name>伸手觸碰。』 <name>：等一下…… 『一段短暫影像掠過。』 露娜：你看到了什麼？ <name>：一個片段。 露娜：什麼片段？ <name>：戰場命令。 『影像消失。』
A59: 1269 | B59: story | C59: after | D59: 『聖痕騎士長出現在光輝平原最深處。』 『牠沒有說話。』 『戰場因牠的出現而震動。』 <name>：……就是這裡。 『<name>的視線短暫停在Boss身上。』 『某個曾經經歷過的畫面與眼前重疊。』 <name>：原來是這樣。 『戰鬥開始。』
A60: 1269 | B60: story | C60: after | D60: 『聖痕騎士長倒下。』 露娜：又想起什麼了嗎？ <name>：一段影片。 露娜：足夠讓你繼續了嗎？ <name>：足夠。 露娜：那就走吧。 <name>：嗯。 『下一段道路在前方展開。』
A61: 1270 | B61: story | C61: before | D61: 『新的區域映入眼前。』 露娜：這裡就是聖者之塔。 <name>：我有種說不出的熟悉感。 露娜：有記憶嗎？ <name>：還不到可以稱為記憶。 露娜：那就先記住現在看到的。
A62: =A61+8 -> 1278 | B62: story | C62: after | D62: 『聖者之塔的王座出現在視線中。』 露娜：你認識這個嗎？ <name>：我不知道。 『<name>伸手觸碰。』 <name>：等一下…… 『一段短暫影像掠過。』 露娜：你看到了什麼？ <name>：一個片段。 露娜：什麼片段？ <name>：王座。 『影像消失。』
A63: =A62+8 -> 1286 | B63: story | C63: after | D63: 『聖者之塔的祈禱詞出現在視線中。』 露娜：你認識這個嗎？ <name>：我不知道。 『<name>伸手觸碰。』 <name>：等一下…… 『一段短暫影像掠過。』 露娜：你看到了什麼？ <name>：一個片段。 露娜：什麼片段？ <name>：祈禱詞。 『影像消失。』
A64: =A63+6 -> 1292 | B64: story | C64: after | D64: 『聖者之塔的拒絕加冕出現在視線中。』 露娜：你認識這個嗎？ <name>：我不知道。 『<name>伸手觸碰。』 <name>：等一下…… 『一段短暫影像掠過。』 露娜：你看到了什麼？ <name>：一個片段。 露娜：什麼片段？ <name>：拒絕加冕。 『影像消失。』
A65: 1309 | B65: story | C65: after | D65: 『墮落聖者出現在聖者之塔最深處。』 『牠沒有說話。』 『戰場因牠的出現而震動。』 <name>：……就是這裡。 『<name>的視線短暫停在Boss身上。』 『某個曾經經歷過的畫面與眼前重疊。』 <name>：原來是這樣。 『戰鬥開始。』
A66: =A65+1 -> 1310 | B66: story | C66: after | D66: 『墮落聖者倒下。』 露娜：又想起什麼了嗎？ <name>：一些零散畫面。 露娜：足夠讓你繼續了嗎？ <name>：足夠。 露娜：那就走吧。 <name>：嗯。 『下一段道路在前方展開。』
A67: 第十章 | B67: story | C67: before | D67: 『新的區域映入眼前。』 露娜：這裡就是聖槍神殿。 <name>：我有種說不出的熟悉感。 露娜：有記憶嗎？ <name>：還不到可以稱為記憶。 露娜：那就先記住現在看到的。
B68: story | C68: after | D68: 『聖槍神殿的撤離命令出現在視線中。』 露娜：你認識這個嗎？ <name>：我不知道。 『<name>伸手觸碰。』 <name>：等一下…… 『一段短暫影像掠過。』 露娜：你看到了什麼？ <name>：一個片段。 露娜：什麼片段？ <name>：撤離命令。 『影像消失。』
B69: story | C69: after | D69: 『聖槍神殿的同伴背影出現在視線中。』 露娜：你認識這個嗎？ <name>：我不知道。 『<name>伸手觸碰。』 <name>：等一下…… 『一段短暫影像掠過。』 露娜：你看到了什麼？ <name>：一個片段。 露娜：什麼片段？ <name>：同伴背影。 『影像消失。』
B70: story | C70: after | D70: 『聖槍神殿的奔跑影片出現在視線中。』 露娜：你認識這個嗎？ <name>：我不知道。 『<name>伸手觸碰。』 <name>：等一下…… 『一段短暫影像掠過。』 露娜：你看到了什麼？ <name>：一個片段。 露娜：什麼片段？ <name>：奔跑影片。 『影像消失。』
B71: story | C71: after | D71: 『聖槍守護者出現在聖槍神殿最深處。』 『牠沒有說話。』 『戰場因牠的出現而震動。』 <name>：……就是這裡。 『<name>的視線短暫停在Boss身上。』 『某個曾經經歷過的畫面與眼前重疊。』 <name>：原來是這樣。 『戰鬥開始。』
B72: story | C72: after | D72: 『聖槍守護者倒下。』 露娜：又想起什麼了嗎？ <name>：一段影片。 露娜：足夠讓你繼續了嗎？ <name>：足夠。 露娜：那就走吧。 <name>：嗯。 『下一段道路在前方展開。』
A73: 第十一章 | B73: story | C73: before | D73: 『新的區域映入眼前。』 露娜：這裡就是皇都・天照城。 <name>：我有種說不出的熟悉感。 露娜：有記憶嗎？ <name>：還不到可以稱為記憶。 露娜：那就先記住現在看到的。
B74: story | C74: after | D74: 『皇都・天照城的月下刀光出現在視線中。』 露娜：你認識這個嗎？ <name>：我不知道。 『<name>伸手觸碰。』 <name>：等一下…… 『一段短暫影像掠過。』 露娜：你看到了什麼？ <name>：一個片段。 露娜：什麼片段？ <name>：月下刀光。 『影像消失。』
B75: story | C75: after | D75: 『皇都・天照城的東方同伴出現在視線中。』 露娜：你認識這個嗎？ <name>：我不知道。 『<name>伸手觸碰。』 <name>：等一下…… 『一段短暫影像掠過。』 露娜：你看到了什麼？ <name>：一個片段。 露娜：什麼片段？ <name>：東方同伴。 『影像消失。』
B76: story | C76: after | D76: 『皇都・天照城的茶館出現在視線中。』 露娜：你認識這個嗎？ <name>：我不知道。 『<name>伸手觸碰。』 <name>：等一下…… 『一段短暫影像掠過。』 露娜：你看到了什麼？ <name>：一個片段。 露娜：什麼片段？ <name>：茶館。 『影像消失。』
B77: story | C77: after | D77: 『皇都・天照城的未說完的話出現在視線中。』 露娜：你認識這個嗎？ <name>：我不知道。 『<name>伸手觸碰。』 <name>：等一下…… 『一段短暫影像掠過。』 露娜：你看到了什麼？ <name>：一個片段。 露娜：什麼片段？ <name>：未說完的話。 『影像消失。』
B78: story | C78: after | D78: 『妖刀將軍出現在皇都・天照城最深處。』 『牠沒有說話。』 『戰場因牠的出現而震動。』 <name>：……就是這裡。 『<name>的視線短暫停在Boss身上。』 『某個曾經經歷過的畫面與眼前重疊。』 <name>：原來是這樣。 『戰鬥開始。』
B79: story | C79: after | D79: 『妖刀將軍倒下。』 露娜：又想起什麼了嗎？ <name>：一些零散畫面。 露娜：足夠讓你繼續了嗎？ <name>：足夠。 露娜：那就走吧。 <name>：嗯。 『下一段道路在前方展開。』
A80: 第十二章 | B80: story | C80: before | D80: 『新的區域映入眼前。』 露娜：這裡就是火神山。 <name>：我有種說不出的熟悉感。 露娜：有記憶嗎？ <name>：還不到可以稱為記憶。 露娜：那就先記住現在看到的。
B81: story | C81: after | D81: 『火神山的火海救援出現在視線中。』 露娜：你認識這個嗎？ <name>：我不知道。 『<name>伸手觸碰。』 <name>：等一下…… 『一段短暫影像掠過。』 露娜：你看到了什麼？ <name>：一個片段。 露娜：什麼片段？ <name>：火海救援。 『影像消失。』
B82: story | C82: after | D82: 『火神山的水壺出現在視線中。』 露娜：你認識這個嗎？ <name>：我不知道。 『<name>伸手觸碰。』 <name>：等一下…… 『一段短暫影像掠過。』 露娜：你看到了什麼？ <name>：一個片段。 露娜：什麼片段？ <name>：水壺。 『影像消失。』
B83: story | C83: after | D83: 『火神山的約定手勢出現在視線中。』 露娜：你認識這個嗎？ <name>：我不知道。 『<name>伸手觸碰。』 <name>：等一下…… 『一段短暫影像掠過。』 露娜：你看到了什麼？ <name>：一個片段。 露娜：什麼片段？ <name>：約定手勢。 『影像消失。』
B84: story | C84: after | D84: 『火神山的誓約之環出現在視線中。』 露娜：你認識這個嗎？ <name>：我不知道。 『<name>伸手觸碰。』 <name>：等一下…… 『一段短暫影像掠過。』 露娜：你看到了什麼？ <name>：一個片段。 露娜：什麼片段？ <name>：誓約之環。 『影像消失。』
B85: story | C85: after | D85: 『炎獄巨龍出現在火神山最深處。』 『牠沒有說話。』 『戰場因牠的出現而震動。』 <name>：……就是這裡。 『<name>的視線短暫停在Boss身上。』 『某個曾經經歷過的畫面與眼前重疊。』 <name>：原來是這樣。 『戰鬥開始。』
B86: story | C86: after | D86: 『炎獄巨龍倒下。』 露娜：又想起什麼了嗎？ <name>：一段影片。 露娜：足夠讓你繼續了嗎？ <name>：足夠。 露娜：那就走吧。 <name>：嗯。 『下一段道路在前方展開。』
A87: 第十三章 | B87: story | C87: before | D87: 『新的區域映入眼前。』 露娜：這裡就是凜冬要塞。 <name>：我有種說不出的熟悉感。 露娜：有記憶嗎？ <name>：還不到可以稱為記憶。 露娜：那就先記住現在看到的。
B88: story | C88: after | D88: 『凜冬要塞的聯軍旗出現在視線中。』 露娜：你認識這個嗎？ <name>：我不知道。 『<name>伸手觸碰。』 <name>：等一下…… 『一段短暫影像掠過。』 露娜：你看到了什麼？ <name>：一個片段。 露娜：什麼片段？ <name>：聯軍旗。 『影像消失。』
B89: story | C89: after | D89: 『凜冬要塞的舊軍令出現在視線中。』 露娜：你認識這個嗎？ <name>：我不知道。 『<name>伸手觸碰。』 <name>：等一下…… 『一段短暫影像掠過。』 露娜：你看到了什麼？ <name>：一個片段。 露娜：什麼片段？ <name>：舊軍令。 『影像消失。』
B90: story | C90: after | D90: 『凜冬要塞的魔王影像出現在視線中。』 露娜：你認識這個嗎？ <name>：我不知道。 『<name>伸手觸碰。』 <name>：等一下…… 『一段短暫影像掠過。』 露娜：你看到了什麼？ <name>：一個片段。 露娜：什麼片段？ <name>：魔王影像。 『影像消失。』
B91: story | C91: after | D91: 『凜冬要塞的被刪除的名字出現在視線中。』 露娜：你認識這個嗎？ <name>：我不知道。 『<name>伸手觸碰。』 <name>：等一下…… 『一段短暫影像掠過。』 露娜：你看到了什麼？ <name>：一個片段。 露娜：什麼片段？ <name>：被刪除的名字。 『影像消失。』
B92: story | C92: after | D92: 『冰冠大公出現在凜冬要塞最深處。』 『牠沒有說話。』 『戰場因牠的出現而震動。』 <name>：……就是這裡。 『<name>的視線短暫停在Boss身上。』 『某個曾經經歷過的畫面與眼前重疊。』 <name>：原來是這樣。 『戰鬥開始。』
B93: story | C93: after | D93: 『冰冠大公倒下。』 露娜：又想起什麼了嗎？ <name>：一段影片。 露娜：足夠讓你繼續了嗎？ <name>：足夠。 露娜：那就走吧。 <name>：嗯。 『下一段道路在前方展開。』
A94: 第十四章 | B94: story | C94: before | D94: 『新的區域映入眼前。』 露娜：這裡就是黑王城。 <name>：我有種說不出的熟悉感。 露娜：有記憶嗎？ <name>：還不到可以稱為記憶。 露娜：那就先記住現在看到的。
B95: story | C95: after | D95: 『黑王城的亡者臉孔出現在視線中。』 露娜：你認識這個嗎？ <name>：我不知道。 『<name>伸手觸碰。』 <name>：等一下…… 『一段短暫影像掠過。』 露娜：你看到了什麼？ <name>：一個片段。 露娜：什麼片段？ <name>：亡者臉孔。 『影像消失。』
B96: story | C96: after | D96: 『黑王城的同伴聲音出現在視線中。』 露娜：你認識這個嗎？ <name>：我不知道。 『<name>伸手觸碰。』 <name>：等一下…… 『一段短暫影像掠過。』 露娜：你看到了什麼？ <name>：一個片段。 露娜：什麼片段？ <name>：同伴聲音。 『影像消失。』
B97: story | C97: after | D97: 『黑王城的仇恨來源出現在視線中。』 露娜：你認識這個嗎？ <name>：我不知道。 『<name>伸手觸碰。』 <name>：等一下…… 『一段短暫影像掠過。』 露娜：你看到了什麼？ <name>：一個片段。 露娜：什麼片段？ <name>：仇恨來源。 『影像消失。』
B98: story | C98: after | D98: 『黑王城的最後對話出現在視線中。』 露娜：你認識這個嗎？ <name>：我不知道。 『<name>伸手觸碰。』 <name>：等一下…… 『一段短暫影像掠過。』 露娜：你看到了什麼？ <name>：一個片段。 露娜：什麼片段？ <name>：最後對話。 『影像消失。』
B99: story | C99: after | D99: 『冥王使徒出現在黑王城最深處。』 『牠沒有說話。』 『戰場因牠的出現而震動。』 <name>：……就是這裡。 『<name>的視線短暫停在Boss身上。』 『某個曾經經歷過的畫面與眼前重疊。』 <name>：原來是這樣。 『戰鬥開始。』
B100: story | C100: after | D100: 『冥王使徒倒下。』 露娜：又想起什麼了嗎？ <name>：一些零散畫面。 露娜：足夠讓你繼續了嗎？ <name>：足夠。 露娜：那就走吧。 <name>：嗯。 『下一段道路在前方展開。』
...

Sheet dungeonprefeb
A1: prefeb_map | B1: list | C1: power | D1: is_end | E1: img
A2: gate4 | B2: ="{map_red},{map_blue},{map_purple},{map_yellow}" -> {map_red},{map_blue},{map_purple},{map_yellow} | C2: 600 | E2: img_997351bdba4e.jpg
A3: gate4_2 | B3: ="{map_blue},{map_purple},{map_red},{map_yellow}" -> {map_blue},{map_purple},{map_red},{map_yellow} | C3: 600 | E3: img_719332146c38.jpg
A4: gate3_3 | B4: ="{map_red},{map_blue},{map_purple},{0}" -> {map_red},{map_blue},{map_purple},{0} | C4: 1500 | E4: img_698637ce4aaf.jpg
A5: gate3_2 | B5: ="{map_red},{0},{map_purple},{map_yellow}" -> {map_red},{0},{map_purple},{map_yellow} | C5: 2000 | E5: img_1b6cac546b62.jpg
A6: gate3 | B6: ="{map_red},{map_blue},{0},{map_yellow}" -> {map_red},{map_blue},{0},{map_yellow} | C6: 2000 | E6: img_f8b265de14e0.jpg
A7: gate2_3 | B7: ="{map_yellow},{0},{map_blue},{0}" -> {map_yellow},{0},{map_blue},{0} | C7: 1500 | E7: img_6bbf811bdf97.jpg
A8: gate2_2 | B8: ="{map_red},{0},{map_purple},{0}" -> {map_red},{0},{map_purple},{0} | C8: 1000 | E8: img_58a585d1d682.jpg
A9: gate2 | B9: ="{0},{0},{map_purple},{map_yellow}" -> {0},{0},{map_purple},{map_yellow} | C9: 800 | E9: img_57813587f73b.jpg
A10: gate1_2 | B10: ="{0},{0},{map_blue},{0}" -> {0},{0},{map_blue},{0} | D10: 1 | E10: img_92fcaaa80572.jpg
A11: gate1 | B11: ="{0},{0},{map_red},{0}" -> {0},{0},{map_red},{0} | D11: 1 | E11: img_5d6c6ccfd6d1.jpg

Sheet dungeon
A1: level | B1: rate_add | C1: guarant_min | D1: guarant_max | E1: buff_max
A2: 10 | B2: =(0.4-A2*0.001)/7 -> 0.055714286 | C2: =D2-4 -> 7 | D2: =11+ROUND(A2*0.04,0) -> 11 | E2: =ROUND(C2/3,0) -> 2
A3: 11 | B3: =(0.4-A3*0.001)/7 -> 0.055571429 | C3: =D3-4 -> 7 | D3: =11+ROUND(A3*0.04,0) -> 11 | E3: =ROUND(C3/3,0) -> 2
A4: 12 | B4: =(0.4-A4*0.001)/7 -> 0.055428571 | C4: =D4-4 -> 7 | D4: =11+ROUND(A4*0.04,0) -> 11 | E4: =ROUND(C4/3,0) -> 2
A5: 13 | B5: =(0.4-A5*0.001)/7 -> 0.055285714 | C5: =D5-4 -> 8 | D5: =11+ROUND(A5*0.04,0) -> 12 | E5: =ROUND(C5/3,0) -> 3
A6: 14 | B6: =(0.4-A6*0.001)/7 -> 0.055142857 | C6: =D6-4 -> 8 | D6: =11+ROUND(A6*0.04,0) -> 12 | E6: =ROUND(C6/3,0) -> 3
A7: 15 | B7: =(0.4-A7*0.001)/7 -> 0.055 | C7: =D7-4 -> 8 | D7: =11+ROUND(A7*0.04,0) -> 12 | E7: =ROUND(C7/3,0) -> 3
A8: 16 | B8: =(0.4-A8*0.001)/7 -> 0.054857143 | C8: =D8-4 -> 8 | D8: =11+ROUND(A8*0.04,0) -> 12 | E8: =ROUND(C8/3,0) -> 3
A9: 17 | B9: =(0.4-A9*0.001)/7 -> 0.054714286 | C9: =D9-4 -> 8 | D9: =11+ROUND(A9*0.04,0) -> 12 | E9: =ROUND(C9/3,0) -> 3
A10: 18 | B10: =(0.4-A10*0.001)/7 -> 0.054571429 | C10: =D10-4 -> 8 | D10: =11+ROUND(A10*0.04,0) -> 12 | E10: =ROUND(C10/3,0) -> 3
A11: 19 | B11: =(0.4-A11*0.001)/7 -> 0.054428571 | C11: =D11-4 -> 8 | D11: =11+ROUND(A11*0.04,0) -> 12 | E11: =ROUND(C11/3,0) -> 3
A12: 20 | B12: =(0.4-A12*0.001)/7 -> 0.054285714 | C12: =D12-4 -> 8 | D12: =11+ROUND(A12*0.04,0) -> 12 | E12: =ROUND(C12/3,0) -> 3
A13: 21 | B13: =(0.4-A13*0.001)/7 -> 0.054142857 | C13: =D13-4 -> 8 | D13: =11+ROUND(A13*0.04,0) -> 12 | E13: =ROUND(C13/3,0) -> 3
... A122: 130 | B122: =(0.4-A122*0.001)/7 -> 0.038571429 | C122: =D122-4 -> 12 | D122: =11+ROUND(A122*0.04,0) -> 16 | E122: =ROUND(C122/3,0) -> 4

Sheet equipment
A2: id | B2: type | C2: info | D2: rare | E2: tag | F2: HP | G2: ATK | H2: MATK | I2: DEF | J2: MDEF | K2: MP | L2: AGI | M2: recipe | N2: recipe_rate | O2: buff_pasive | P2: refine_id | Q2: cost_id | R2: build
A4: 70001 | B4: gem | C4: 火焰寶石LV.1 | D4: R | G4: 5 | O4: 7001 | P4: 700 | Q4: 700
A5: 70002 | B5: gem | C5: 火焰寶石LV.2 | D5: R | G5: =G4+10 -> 15 | M5: =A4&","&A4&","&A4&","&A4 -> 70001,70001,70001,70001 | N5: 0.9 | O5: 7002 | P5: 700 | Q5: 700
A6: 70003 | B6: gem | C6: 火焰寶石LV.3 | D6: R | G6: =G5+10 -> 25 | M6: =A5&","&A5&","&A5&","&A5 -> 70002,70002,70002,70002 | N6: 0.8 | O6: 7003 | P6: 700 | Q6: 700
A7: 70004 | B7: gem | C7: 火焰寶石LV.4 | D7: SR | G7: =G6+10 -> 35 | M7: =A6&","&A6&","&A6&","&A6 -> 70003,70003,70003,70003 | N7: =N6-0.2 -> 0.6 | O7: 7004 | P7: 700 | Q7: 700
A8: 70005 | B8: gem | C8: 火焰寶石LV.5 | D8: SR | G8: =G7+20 -> 55 | M8: =A7&","&A7&","&A7&","&A7 -> 70004,70004,70004,70004 | N8: =N7-0.2 -> 0.4 | O8: 7005 | P8: 700 | Q8: 700
A9: 70006 | B9: gem | C9: 火焰寶石LV.6 | D9: SR | G9: =G8+20 -> 75 | M9: =A8&","&A8&","&A8&","&A8 -> 70005,70005,70005,70005 | N9: =N8-0.2 -> 0.2 | O9: 7006 | P9: 700 | Q9: 700
A10: 70007 | B10: gem | C10: 火焰寶石LV.7 | D10: SR | G10: =G9+20 -> 95 | M10: =A9&","&A9&","&A9&","&A9 -> 70006,70006,70006,70006 | N10: 0.2 | O10: 7007 | P10: 700 | Q10: 700
A11: 70008 | B11: gem | C11: 火焰寶石LV.8 | D11: SSR | G11: =G10+45 -> 140 | M11: =A10&","&A10&","&A10&","&A10 -> 70007,70007,70007,70007 | N11: 0.2 | O11: 7008 | P11: 700 | Q11: 700
A12: 70009 | B12: gem | C12: 火焰寶石LV.9 | D12: SSR | G12: =G11+45 -> 185 | M12: =A11&","&A11&","&A11&","&A11 -> 70008,70008,70008,70008 | N12: 0.2 | O12: 7009 | P12: 700 | Q12: 700
A13: 70010 | B13: gem | C13: 火焰寶石LV.10 | D13: SSR | G13: =G12+45 -> 230 | M13: =A12&","&A12&","&A12&","&A12 -> 70009,70009,70009,70009 | N13: 0.2 | O13: 7010 | P13: 700 | Q13: 700
A14: 70011 | B14: gem | C14: 綠光寶石LV.1 | D14: R | H14: 8 | O14: 7011 | P14: 700 | Q14: 700
A15: 70012 | B15: gem | C15: 綠光寶石LV.2 | D15: R | H15: =H14+11 -> 19 | M15: =A14&","&A14&","&A14&","&A14 -> 70011,70011,70011,70011 | N15: 0.9 | O15: 7012 | P15: 700 | Q15: 700
A16: 70013 | B16: gem | C16: 綠光寶石LV.3 | D16: R | H16: =H15+11 -> 30 | M16: =A15&","&A15&","&A15&","&A15 -> 70012,70012,70012,70012 | N16: 0.8 | O16: 7013 | P16: 700 | Q16: 700
A17: 70014 | B17: gem | C17: 綠光寶石LV.4 | D17: SR | H17: =H16+11 -> 41 | M17: =A16&","&A16&","&A16&","&A16 -> 70013,70013,70013,70013 | N17: =N16-0.2 -> 0.6 | O17: 7014 | P17: 700 | Q17: 700
A18: 70015 | B18: gem | C18: 綠光寶石LV.5 | D18: SR | H18: =H17+23 -> 64 | M18: =A17&","&A17&","&A17&","&A17 -> 70014,70014,70014,70014 | N18: =N17-0.2 -> 0.4 | O18: 7015 | P18: 700 | Q18: 700
A19: 70016 | B19: gem | C19: 綠光寶石LV.6 | D19: SR | H19: =H18+23 -> 87 | M19: =A18&","&A18&","&A18&","&A18 -> 70015,70015,70015,70015 | N19: =N18-0.2 -> 0.2 | O19: 7016 | P19: 700 | Q19: 700
A20: 70017 | B20: gem | C20: 綠光寶石LV.7 | D20: SR | H20: =H19+23 -> 110 | M20: =A19&","&A19&","&A19&","&A19 -> 70016,70016,70016,70016 | N20: 0.2 | O20: 7017 | P20: 700 | Q20: 700
A21: 70018 | B21: gem | C21: 綠光寶石LV.8 | D21: SSR | H21: =H20+48 -> 158 | M21: =A20&","&A20&","&A20&","&A20 -> 70017,70017,70017,70017 | N21: 0.2 | O21: 7018 | P21: 700 | Q21: 700
A22: 70019 | B22: gem | C22: 綠光寶石LV.9 | D22: SSR | H22: =H21+48 -> 206 | M22: =A21&","&A21&","&A21&","&A21 -> 70018,70018,70018,70018 | N22: 0.2 | O22: 7019 | P22: 700 | Q22: 700
A23: 70020 | B23: gem | C23: 綠光寶石LV.10 | D23: SSR | H23: 255 | M23: =A22&","&A22&","&A22&","&A22 -> 70019,70019,70019,70019 | N23: 0.2 | O23: 7020 | P23: 700 | Q23: 700
A24: 70021 | B24: gem | C24: 琉璃寶石LV.1 | D24: R | J24: 16 | O24: 7021 | P24: 700 | Q24: 700
A25: 70022 | B25: gem | C25: 琉璃寶石LV.2 | D25: R | J25: =J24+11 -> 27 | M25: =A24&","&A24&","&A24&","&A24 -> 70021,70021,70021,70021 | N25: 0.9 | O25: =O24+1 -> 7022 | P25: 700 | Q25: 700
A26: 70023 | B26: gem | C26: 琉璃寶石LV.3 | D26: R | J26: =J25+11 -> 38 | M26: =A25&","&A25&","&A25&","&A25 -> 70022,70022,70022,70022 | N26: 0.8 | O26: =O25+1 -> 7023 | P26: 700 | Q26: 700
A27: 70024 | B27: gem | C27: 琉璃寶石LV.4 | D27: SR | J27: =J26+11 -> 49 | M27: =A26&","&A26&","&A26&","&A26 -> 70023,70023,70023,70023 | N27: =N26-0.2 -> 0.6 | O27: =O26+1 -> 7024 | P27: 700 | Q27: 700
A28: 70025 | B28: gem | C28: 琉璃寶石LV.5 | D28: SR | J28: =J27+23 -> 72 | M28: =A27&","&A27&","&A27&","&A27 -> 70024,70024,70024,70024 | N28: =N27-0.2 -> 0.4 | O28: =O27+1 -> 7025 | P28: 700 | Q28: 700
A29: 70026 | B29: gem | C29: 琉璃寶石LV.6 | D29: SR | J29: =J28+23 -> 95 | M29: =A28&","&A28&","&A28&","&A28 -> 70025,70025,70025,70025 | N29: =N28-0.2 -> 0.2 | O29: =O28+1 -> 7026 | P29: 700 | Q29: 700
A30: 70027 | B30: gem | C30: 琉璃寶石LV.7 | D30: SR | J30: =J29+23 -> 118 | M30: =A29&","&A29&","&A29&","&A29 -> 70026,70026,70026,70026 | N30: 0.2 | O30: =O29+1 -> 7027 | P30: 700 | Q30: 700
A31: 70028 | B31: gem | C31: 琉璃寶石LV.8 | D31: SSR | J31: =J30+48 -> 166 | M31: =A30&","&A30&","&A30&","&A30 -> 70027,70027,70027,70027 | N31: 0.2 | O31: =O30+1 -> 7028 | P31: 700 | Q31: 700
A32: 70029 | B32: gem | C32: 琉璃寶石LV.9 | D32: SSR | J32: =J31+48 -> 214 | M32: =A31&","&A31&","&A31&","&A31 -> 70028,70028,70028,70028 | N32: 0.2 | O32: =O31+1 -> 7029 | P32: 700 | Q32: 700
A33: 70030 | B33: gem | C33: 琉璃寶石LV.10 | D33: SSR | J33: 265 | M33: =A32&","&A32&","&A32&","&A32 -> 70029,70029,70029,70029 | N33: 0.2 | O33: =O32+1 -> 7030 | P33: 700 | Q33: 700
A34: 70031 | B34: gem | C34: 星空寶石LV.1 | D34: R | I34: 10 | O34: =O33+1 -> 7031 | P34: 700 | Q34: 700
A35: 70032 | B35: gem | C35: 星空寶石LV.2 | D35: R | I35: =I34+10 -> 20 | M35: =A34&","&A34&","&A34&","&A34 -> 70031,70031,70031,70031 | N35: 0.9 | O35: =O34+1 -> 7032 | P35: 700 | Q35: 700
A36: 70033 | B36: gem | C36: 星空寶石LV.3 | D36: R | I36: =I35+10 -> 30 | M36: =A35&","&A35&","&A35&","&A35 -> 70032,70032,70032,70032 | N36: 0.8 | O36: =O35+1 -> 7033 | P36: 700 | Q36: 700
A37: 70034 | B37: gem | C37: 星空寶石LV.4 | D37: SR | I37: =I36+10 -> 40 | M37: =A36&","&A36&","&A36&","&A36 -> 70033,70033,70033,70033 | N37: =N36-0.2 -> 0.6 | O37: =O36+1 -> 7034 | P37: 700 | Q37: 700
A38: 70035 | B38: gem | C38: 星空寶石LV.5 | D38: SR | I38: =I37+20 -> 60 | M38: =A37&","&A37&","&A37&","&A37 -> 70034,70034,70034,70034 | N38: =N37-0.2 -> 0.4 | O38: =O37+1 -> 7035 | P38: 700 | Q38: 700
A39: 70036 | B39: gem | C39: 星空寶石LV.6 | D39: SR | I39: =I38+20 -> 80 | M39: =A38&","&A38&","&A38&","&A38 -> 70035,70035,70035,70035 | N39: =N38-0.2 -> 0.2 | O39: =O38+1 -> 7036 | P39: 700 | Q39: 700
A40: 70037 | B40: gem | C40: 星空寶石LV.7 | D40: SR | I40: =I39+20 -> 100 | M40: =A39&","&A39&","&A39&","&A39 -> 70036,70036,70036,70036 | N40: 0.2 | O40: =O39+1 -> 7037 | P40: 700 | Q40: 700
A41: 70038 | B41: gem | C41: 星空寶石LV.8 | D41: SSR | I41: =I40+45 -> 145 | M41: =A40&","&A40&","&A40&","&A40 -> 70037,70037,70037,70037 | N41: 0.2 | O41: =O40+1 -> 7038 | P41: 700 | Q41: 700
A42: 70039 | B42: gem | C42: 星空寶石LV.9 | D42: SSR | I42: =I41+45 -> 190 | M42: =A41&","&A41&","&A41&","&A41 -> 70038,70038,70038,70038 | N42: 0.2 | O42: =O41+1 -> 7039 | P42: 700 | Q42: 700
A43: 70040 | B43: gem | C43: 星空寶石LV.10 | D43: SSR | I43: =I42+45 -> 235 | M43: =A42&","&A42&","&A42&","&A42 -> 70039,70039,70039,70039 | N43: 0.2 | O43: =O42+1 -> 7040 | P43: 700 | Q43: 700
A44: 70041 | B44: gem | C44: 月影彩石LV.1 | D44: R | K44: 30 | O44: =O43+1 -> 7041 | P44: 701 | Q44: 701
A45: 70042 | B45: gem | C45: 月影彩石LV.2 | D45: R | K45: =K44+31 -> 61 | M45: =A44&","&A44&","&A44&","&A44 -> 70041,70041,70041,70041 | N45: 0.9 | O45: =O44+1 -> 7042 | P45: 701 | Q45: 701
A46: 70043 | B46: gem | C46: 月影彩石LV.3 | D46: R | K46: =K45+31 -> 92 | M46: =A45&","&A45&","&A45&","&A45 -> 70042,70042,70042,70042 | N46: 0.8 | O46: =O45+1 -> 7043 | P46: 701 | Q46: 701
A47: 70044 | B47: gem | C47: 月影彩石LV.4 | D47: SR | K47: =K46+31 -> 123 | M47: =A46&","&A46&","&A46&","&A46 -> 70043,70043,70043,70043 | N47: =N46-0.2 -> 0.6 | O47: =O46+1 -> 7044 | P47: 701 | Q47: 701
A48: 70045 | B48: gem | C48: 月影彩石LV.5 | D48: SR | K48: =K47+42 -> 165 | M48: =A47&","&A47&","&A47&","&A47 -> 70044,70044,70044,70044 | N48: =N47-0.2 -> 0.4 | O48: =O47+1 -> 7045 | P48: 701 | Q48: 701
A49: 70046 | B49: gem | C49: 月影彩石LV.6 | D49: SR | K49: =K48+42 -> 207 | M49: =A48&","&A48&","&A48&","&A48 -> 70045,70045,70045,70045 | N49: =N48-0.2 -> 0.2 | O49: =O48+1 -> 7046 | P49: 701 | Q49: 701
A50: 70047 | B50: gem | C50: 月影彩石LV.7 | D50: SR | K50: 250 | M50: =A49&","&A49&","&A49&","&A49 -> 70046,70046,70046,70046 | N50: 0.2 | O50: =O49+1 -> 7047 | P50: 701 | Q50: 701
A51: 70048 | B51: gem | C51: 月影彩石LV.8 | D51: SSR | K51: 300 | M51: =A50&","&A50&","&A50&","&A50 -> 70047,70047,70047,70047 | N51: 0.2 | O51: =O50+1 -> 7048 | P51: 701 | Q51: 701
A52: 70049 | B52: gem | C52: 月影彩石LV.9 | D52: SSR | K52: 350 | M52: =A51&","&A51&","&A51&","&A51 -> 70048,70048,70048,70048 | N52: 0.2 | O52: =O51+1 -> 7049 | P52: 701 | Q52: 701
A53: 70050 | B53: gem | C53: 月影彩石LV.10 | D53: SSR | K53: 400 | M53: =A52&","&A52&","&A52&","&A52 -> 70049,70049,70049,70049 | N53: 0.2 | O53: =O52+1 -> 7050 | P53: 701 | Q53: 701
A54: 70051 | B54: gem | C54: 幻影彩石LV.1 | D54: R | F54: =ROUND(K44*2.2,0) -> 66 | O54: =O53+1 -> 7051 | P54: 701 | Q54: 701
A55: 70052 | B55: gem | C55: 幻影彩石LV.2 | D55: R | F55: =ROUND(K45*2.2,0) -> 134 | M55: =A54&","&A54&","&A54&","&A54 -> 70051,70051,70051,70051 | N55: 0.9 | O55: =O54+1 -> 7052 | P55: 701 | Q55: 701
A56: 70053 | B56: gem | C56: 幻影彩石LV.3 | D56: R | F56: =ROUND(K46*2.2,0) -> 202 | M56: =A55&","&A55&","&A55&","&A55 -> 70052,70052,70052,70052 | N56: 0.8 | O56: =O55+1 -> 7053 | P56: 701 | Q56: 701
A57: 70054 | B57: gem | C57: 幻影彩石LV.4 | D57: SR | F57: =ROUND(K47*2.2,0) -> 271 | M57: =A56&","&A56&","&A56&","&A56 -> 70053,70053,70053,70053 | N57: =N56-0.2 -> 0.6 | O57: =O56+1 -> 7054 | P57: 701 | Q57: 701
A58: 70055 | B58: gem | C58: 幻影彩石LV.5 | D58: SR | F58: =ROUND(K48*2.2,0) -> 363 | M58: =A57&","&A57&","&A57&","&A57 -> 70054,70054,70054,70054 | N58: =N57-0.2 -> 0.4 | O58: =O57+1 -> 7055 | P58: 701 | Q58: 701
A59: 70056 | B59: gem | C59: 幻影彩石LV.6 | D59: SR | F59: =ROUND(K49*2.2,0) -> 455 | M59: =A58&","&A58&","&A58&","&A58 -> 70055,70055,70055,70055 | N59: =N58-0.2 -> 0.2 | O59: =O58+1 -> 7056 | P59: 701 | Q59: 701
A60: 70057 | B60: gem | C60: 幻影彩石LV.7 | D60: SR | F60: =ROUND(K50*2.2,0) -> 550 | M60: =A59&","&A59&","&A59&","&A59 -> 70056,70056,70056,70056 | N60: 0.2 | O60: =O59+1 -> 7057 | P60: 701 | Q60: 701
A61: 70058 | B61: gem | C61: 幻影彩石LV.8 | D61: SSR | F61: =ROUND(K51*2.2,0) -> 660 | M61: =A60&","&A60&","&A60&","&A60 -> 70057,70057,70057,70057 | N61: 0.2 | O61: =O60+1 -> 7058 | P61: 701 | Q61: 701
A62: 70059 | B62: gem | C62: 幻影彩石LV.9 | D62: SSR | F62: =ROUND(K52*2.2,0) -> 770 | M62: =A61&","&A61&","&A61&","&A61 -> 70058,70058,70058,70058 | N62: 0.2 | O62: =O61+1 -> 7059 | P62: 701 | Q62: 701
A63: 70060 | B63: gem | C63: 幻影彩石LV.10 | D63: SSR | F63: =ROUND(K53*2.2,0) -> 880 | M63: =A62&","&A62&","&A62&","&A62 -> 70059,70059,70059,70059 | N63: 0.2 | O63: =O62+1 -> 7060 | P63: 701 | Q63: 701
A64: 70061 | B64: gem | C64: 紫凝暴晶LV.1 | D64: R | I64: 5 | J64: 5 | O64: =O63+1 -> 7061 | P64: 702 | Q64: 702
A65: 70062 | B65: gem | C65: 紫凝暴晶LV.2 | D65: R | I65: 10 | J65: 10 | M65: =A64&","&A64&","&A64&","&A64 -> 70061,70061,70061,70061 | N65: 0.9 | O65: =O64+1 -> 7062 | P65: 702 | Q65: 702
A66: 70063 | B66: gem | C66: 紫凝暴晶LV.3 | D66: R | I66: 15 | J66: 15 | M66: =A65&","&A65&","&A65&","&A65 -> 70062,70062,70062,70062 | N66: 0.8 | O66: =O65+1 -> 7063 | P66: 702 | Q66: 702
A67: 70064 | B67: gem | C67: 紫凝暴晶LV.4 | D67: SR | I67: 20 | J67: 20 | M67: =A66&","&A66&","&A66&","&A66 -> 70063,70063,70063,70063 | N67: =N66-0.2 -> 0.6 | O67: =O66+1 -> 7064 | P67: 702 | Q67: 702
A68: 70065 | B68: gem | C68: 紫凝暴晶LV.5 | D68: SR | I68: 30 | J68: 30 | M68: =A67&","&A67&","&A67&","&A67 -> 70064,70064,70064,70064 | N68: =N67-0.2 -> 0.4 | O68: =O67+1 -> 7065 | P68: 702 | Q68: 702
A69: 70066 | B69: gem | C69: 紫凝暴晶LV.6 | D69: SR | I69: 40 | J69: 40 | M69: =A68&","&A68&","&A68&","&A68 -> 70065,70065,70065,70065 | N69: =N68-0.2 -> 0.2 | O69: =O68+1 -> 7066 | P69: 702 | Q69: 702
A70: 70067 | B70: gem | C70: 紫凝暴晶LV.7 | D70: SR | I70: 50 | J70: 50 | M70: =A69&","&A69&","&A69&","&A69 -> 70066,70066,70066,70066 | N70: 0.2 | O70: =O69+1 -> 7067 | P70: 702 | Q70: 702
A71: 70068 | B71: gem | C71: 紫凝暴晶LV.8 | D71: SSR | I71: 75 | J71: 75 | M71: =A70&","&A70&","&A70&","&A70 -> 70067,70067,70067,70067 | N71: 0.2 | O71: =O70+1 -> 7068 | P71: 702 | Q71: 702
A72: 70069 | B72: gem | C72: 紫凝暴晶LV.9 | D72: SSR | I72: 95 | J72: 95 | M72: =A71&","&A71&","&A71&","&A71 -> 70068,70068,70068,70068 | N72: 0.2 | O72: =O71+1 -> 7069 | P72: 702 | Q72: 702
A73: 70070 | B73: gem | C73: 紫凝暴晶LV.10 | D73: SSR | I73: 120 | J73: 120 | M73: =A72&","&A72&","&A72&","&A72 -> 70069,70069,70069,70069 | N73: 0.2 | O73: =O72+1 -> 7070 | P73: 702 | Q73: 702
A74: 70071 | B74: gem | C74: 金凌暴晶LV.1 | D74: R | F74: 35 | K74: 15 | O74: =O73+1 -> 7071 | P74: 702 | Q74: 702
A75: 70072 | B75: gem | C75: 金凌暴晶LV.2 | D75: R | F75: 65 | K75: 30 | M75: =A74&","&A74&","&A74&","&A74 -> 70071,70071,70071,70071 | N75: 0.9 | O75: =O74+1 -> 7072 | P75: 702 | Q75: 702
A76: 70073 | B76: gem | C76: 金凌暴晶LV.3 | D76: R | F76: 100 | K76: 46 | M76: =A75&","&A75&","&A75&","&A75 -> 70072,70072,70072,70072 | N76: 0.8 | O76: =O75+1 -> 7073 | P76: 702 | Q76: 702
A77: 70074 | B77: gem | C77: 金凌暴晶LV.4 | D77: SR | F77: 135 | K77: 60 | M77: =A76&","&A76&","&A76&","&A76 -> 70073,70073,70073,70073 | N77: =N76-0.2 -> 0.6 | O77: =O76+1 -> 7074 | P77: 702 | Q77: 702
A78: 70075 | B78: gem | C78: 金凌暴晶LV.5 | D78: SR | F78: 180 | K78: 80 | M78: =A77&","&A77&","&A77&","&A77 -> 70074,70074,70074,70074 | N78: =N77-0.2 -> 0.4 | O78: =O77+1 -> 7075 | P78: 702 | Q78: 702
A79: 70076 | B79: gem | C79: 金凌暴晶LV.6 | D79: SR | F79: 220 | K79: 105 | M79: =A78&","&A78&","&A78&","&A78 -> 70075,70075,70075,70075 | N79: =N78-0.2 -> 0.2 | O79: =O78+1 -> 7076 | P79: 702 | Q79: 702
A80: 70077 | B80: gem | C80: 金凌暴晶LV.7 | D80: SR | F80: =F60/2 -> 275 | K80: 125 | M80: =A79&","&A79&","&A79&","&A79 -> 70076,70076,70076,70076 | N80: 0.2 | O80: =O79+1 -> 7077 | P80: 702 | Q80: 702
A81: 70078 | B81: gem | C81: 金凌暴晶LV.8 | D81: SSR | F81: =F61/2 -> 330 | K81: 150 | M81: =A80&","&A80&","&A80&","&A80 -> 70077,70077,70077,70077 | N81: 0.2 | O81: =O80+1 -> 7078 | P81: 702 | Q81: 702
A82: 70079 | B82: gem | C82: 金凌暴晶LV.9 | D82: SSR | F82: =F62/2 -> 385 | K82: 175 | M82: =A81&","&A81&","&A81&","&A81 -> 70078,70078,70078,70078 | N82: 0.2 | O82: =O81+1 -> 7079 | P82: 702 | Q82: 702
A83: 70080 | B83: gem | C83: 金凌暴晶LV.10 | D83: SSR | F83: =F63/2 -> 440 | K83: 200 | M83: =A82&","&A82&","&A82&","&A82 -> 70079,70079,70079,70079 | N83: 0.2 | O83: =O82+1 -> 7080 | P83: 702 | Q83: 702
A84: 80001 | B84: weapon | C84: 羽扇 | D84: R | H84: 29 | O84: ="6001,6004" -> 6001,6004 | P84: 800 | Q84: 800 | R84: ="201,202,203,204" -> 201,202,203,204
A85: 81001 | B85: head | C85: 絲質布衣 | D85: R | F85: 80 | J85: 15 | O85: ="6001,6004" -> 6001,6004 | P85: 800 | Q85: 800 | R85: ="205,206,207,208" -> 205,206,207,208
A86: 82001 | B86: armor | C86: 絲質布帽 | D86: R | H86: 12 | J86: 27 | O86: ="6001,6004" -> 6001,6004 | P86: 800 | Q86: 800 | R86: ="205,206,207,208" -> 205,206,207,208
A87: 83001 | B87: shoe | C87: 絲質長靴 | D87: R | I87: 19 | K87: 20 | O87: ="6001,6004" -> 6001,6004 | P87: 800 | Q87: 800 | R87: ="201,202,203,204" -> 201,202,203,204
A88: 84001 | B88: cloak | C88: 絲質披風 | D88: R | F88: 65 | I88: 15 | O88: ="6001,6004" -> 6001,6004 | P88: 800 | Q88: 800 | R88: ="209,210,211,212" -> 209,210,211,212
A89: 85001 | B89: Pants | C89: 絲質褲 | D89: R | I89: 27 | K89: 17 | O89: ="6001,6004" -> 6001,6004 | P89: 800 | Q89: 800 | R89: ="209,210,211,212" -> 209,210,211,212
A90: =A84+1 -> 80002 | B90: weapon | C90: 流光扇 | D90: SR | F90: =IF(F84=0,,ROUND(F84*1.7,0)) | G90: =IF(G84=0,,ROUND(G84*1.7,0)) | H90: =IF(H84=0,,ROUND(H84*1.7,0)) -> 49 | I90: =IF(I84=0,,ROUND(I84*1.7,0)) | J90: =IF(J84=0,,ROUND(J84*1.7,0)) | K90: =IF(K84=0,,ROUND(K84*1.7,0)) | L90: =IF(L84=0,,ROUND(L84*1.7,0)) | O90: ="6001,6004" -> 6001,6004 | P90: 800 | Q90: 800 | R90: ="201,202,203,204" -> 201,202,203,204
A91: =A85+1 -> 81002 | B91: head | C91: 琉光布帽 | D91: SR | F91: =IF(F85=0,,ROUND(F85*1.7,0)) -> 136 | G91: =IF(G85=0,,ROUND(G85*1.7,0)) | H91: =IF(H85=0,,ROUND(H85*1.7,0)) | I91: =IF(I85=0,,ROUND(I85*1.7,0)) | J91: =IF(J85=0,,ROUND(J85*1.7,0)) -> 26 | K91: =IF(K85=0,,ROUND(K85*1.7,0)) | L91: =IF(L85=0,,ROUND(L85*1.7,0)) | O91: ="6001,6004" -> 6001,6004 | P91: 800 | Q91: 800 | R91: ="205,206,207,208" -> 205,206,207,208
A92: =A86+1 -> 82002 | B92: armor | C92: 琉光布衣 | D92: SR | F92: =IF(F86=0,,ROUND(F86*1.7,0)) | G92: =IF(G86=0,,ROUND(G86*1.7,0)) | H92: =IF(H86=0,,ROUND(H86*1.7,0)) -> 20 | I92: =IF(I86=0,,ROUND(I86*1.7,0)) | J92: =IF(J86=0,,ROUND(J86*1.7,0)) -> 46 | K92: =IF(K86=0,,ROUND(K86*1.7,0)) | L92: =IF(L86=0,,ROUND(L86*1.7,0)) | O92: ="6001,6004" -> 6001,6004 | P92: 800 | Q92: 800 | R92: ="205,206,207,208" -> 205,206,207,208
A93: =A87+1 -> 83002 | B93: shoe | C93: 琉光長靴 | D93: SR | F93: =IF(F87=0,,ROUND(F87*1.7,0)) | G93: =IF(G87=0,,ROUND(G87*1.7,0)) | H93: =IF(H87=0,,ROUND(H87*1.7,0)) | I93: =IF(I87=0,,ROUND(I87*1.7,0)) -> 32 | J93: =IF(J87=0,,ROUND(J87*1.7,0)) | K93: =IF(K87=0,,ROUND(K87*1.7,0)) -> 34 | L93: =IF(L87=0,,ROUND(L87*1.7,0)) | O93: ="6001,6004" -> 6001,6004 | P93: 800 | Q93: 800 | R93: ="201,202,203,204" -> 201,202,203,204
A94: =A88+1 -> 84002 | B94: cloak | C94: 琉光長批 | D94: SR | F94: =IF(F88=0,,ROUND(F88*1.7,0)) -> 111 | G94: =IF(G88=0,,ROUND(G88*1.7,0)) | H94: =IF(H88=0,,ROUND(H88*1.7,0)) | I94: =IF(I88=0,,ROUND(I88*1.7,0)) -> 26 | J94: =IF(J88=0,,ROUND(J88*1.7,0)) | K94: =IF(K88=0,,ROUND(K88*1.7,0)) | L94: =IF(L88=0,,ROUND(L88*1.7,0)) | O94: ="6001,6004" -> 6001,6004 | P94: 800 | Q94: 800 | R94: ="209,210,211,212" -> 209,210,211,212
A95: =A89+1 -> 85002 | B95: Pants | C95: 琉光褲 | D95: SR | F95: =IF(F89=0,,ROUND(F89*1.7,0)) | G95: =IF(G89=0,,ROUND(G89*1.7,0)) | H95: =IF(H89=0,,ROUND(H89*1.7,0)) | I95: =IF(I89=0,,ROUND(I89*1.7,0)) -> 46 | J95: =IF(J89=0,,ROUND(J89*1.7,0)) | K95: =IF(K89=0,,ROUND(K89*1.7,0)) -> 29 | L95: =IF(L89=0,,ROUND(L89*1.7,0)) | O95: ="6001,6004" -> 6001,6004 | P95: 800 | Q95: 800 | R95: ="209,210,211,212" -> 209,210,211,212
A96: =A90+1 -> 80003 | B96: weapon | C96: 翠影流雲短劍 | D96: SR | F96: =IF(F90=0,,ROUND(F90*1.2,0)) | G96: =IF(G90=0,,ROUND(G90*1.2,0)) | H96: =IF(H90=0,,ROUND(H90*1.2,0)) -> 59 | I96: =IF(I90=0,,ROUND(I90*1.2,0)) | J96: =IF(J90=0,,ROUND(J90*1.2,0)) | K96: =IF(K90=0,,ROUND(K90*1.2,0)) | L96: =IF(L90=0,,ROUND(L90*1.2,0)) | O96: ="6001,6004" -> 6001,6004 | P96: 800 | Q96: 800 | R96: ="201,202,203,204" -> 201,202,203,204
A97: =A91+1 -> 81003 | B97: head | C97: 翠影流雲帽 | D97: SR | F97: =IF(F91=0,,ROUND(F91*1.2,0)) -> 163 | G97: =IF(G91=0,,ROUND(G91*1.2,0)) | H97: =IF(H91=0,,ROUND(H91*1.2,0)) | I97: =IF(I91=0,,ROUND(I91*1.2,0)) | J97: =IF(J91=0,,ROUND(J91*1.2,0)) -> 31 | K97: =IF(K91=0,,ROUND(K91*1.2,0)) | L97: =IF(L91=0,,ROUND(L91*1.2,0)) | O97: ="6001,6004" -> 6001,6004 | P97: 800 | Q97: 800 | R97: ="205,206,207,208" -> 205,206,207,208
A98: =A92+1 -> 82003 | B98: armor | C98: 翠影流雲長衣 | D98: SR | F98: =IF(F92=0,,ROUND(F92*1.2,0)) | G98: =IF(G92=0,,ROUND(G92*1.2,0)) | H98: =IF(H92=0,,ROUND(H92*1.2,0)) -> 24 | I98: =IF(I92=0,,ROUND(I92*1.2,0)) | J98: =IF(J92=0,,ROUND(J92*1.2,0)) -> 55 | K98: =IF(K92=0,,ROUND(K92*1.2,0)) | L98: =IF(L92=0,,ROUND(L92*1.2,0)) | O98: ="6001,6004" -> 6001,6004 | P98: 800 | Q98: 800 | R98: ="205,206,207,208" -> 205,206,207,208
A99: =A93+1 -> 83003 | B99: shoe | C99: 翠影流雲靴 | D99: SR | F99: =IF(F93=0,,ROUND(F93*1.2,0)) | G99: =IF(G93=0,,ROUND(G93*1.2,0)) | H99: =IF(H93=0,,ROUND(H93*1.2,0)) | I99: =IF(I93=0,,ROUND(I93*1.2,0)) -> 38 | J99: =IF(J93=0,,ROUND(J93*1.2,0)) | K99: =IF(K93=0,,ROUND(K93*1.2,0)) -> 41 | L99: =IF(L93=0,,ROUND(L93*1.2,0)) | O99: ="6001,6004" -> 6001,6004 | P99: 800 | Q99: 800 | R99: ="201,202,203,204" -> 201,202,203,204
A100: =A94+1 -> 84003 | B100: cloak | C100: 翠影流雲批風 | D100: SR | F100: =IF(F94=0,,ROUND(F94*1.2,0)) -> 133 | G100: =IF(G94=0,,ROUND(G94*1.2,0)) | H100: =IF(H94=0,,ROUND(H94*1.2,0)) | I100: =IF(I94=0,,ROUND(I94*1.2,0)) -> 31 | J100: =IF(J94=0,,ROUND(J94*1.2,0)) | K100: =IF(K94=0,,ROUND(K94*1.2,0)) | L100: =IF(L94=0,,ROUND(L94*1.2,0)) | O100: ="6001,6004" -> 6001,6004 | P100: 800 | Q100: 800 | R100: ="209,210,211,212" -> 209,210,211,212
A101: =A95+1 -> 85003 | B101: Pants | C101: 翠影流雲褲 | D101: SR | F101: =IF(F95=0,,ROUND(F95*1.2,0)) | G101: =IF(G95=0,,ROUND(G95*1.2,0)) | H101: =IF(H95=0,,ROUND(H95*1.2,0)) | I101: =IF(I95=0,,ROUND(I95*1.2,0)) -> 55 | J101: =IF(J95=0,,ROUND(J95*1.2,0)) | K101: =IF(K95=0,,ROUND(K95*1.2,0)) -> 35 | L101: =IF(L95=0,,ROUND(L95*1.2,0)) | O101: ="6001,6004" -> 6001,6004 | P101: 800 | Q101: 800 | R101: ="209,210,211,212" -> 209,210,211,212
A102: =A96+1 -> 80004 | B102: weapon | C102: 星辰暗月球 | D102: SSR | F102: =IF(F90=0,,ROUND(F90*1.7,0)) | G102: =IF(G90=0,,ROUND(G90*1.7,0)) | H102: =IF(H90=0,,ROUND(H90*1.7,0)) -> 83 | I102: =IF(I90=0,,ROUND(I90*1.7,0)) | J102: =IF(J90=0,,ROUND(J90*1.7,0)) | K102: =IF(K90=0,,ROUND(K90*1.7,0)) | O102: ="6001,6004" -> 6001,6004 | P102: 800 | Q102: 800 | R102: ="201,202,203,204" -> 201,202,203,204
...

Sheet build
A1: group_id | B1: power | C1: HP | D1: ATK | E1: MATK | F1: DEF | G1: MDEF | H1: MP | I1: AGI | J1: CRI | K1: cri_resist | L1: cri_damage | M1: cri_damage_resist | N1: skill_rate | O1: skill_resist | P1: damage_increase | Q1: damage_reduce | R1: damage_reflect | S1: mp_recove | T1: shield_rate | U1: permeate | V1: atypical_rate | W1: heal_rate | X1: value_offset | Y1: rare
A2: 201 | B2: 1900 | D2: 6 | X2: 0.15 | Y2: 1
A3: 201 | B3: 400 | D3: 11 | X3: 0.15 | Y3: 1
A4: 201 | B4: 150 | D4: 20 | X4: 0.15 | Y4: 2
A5: 201 | B5: 40 | D5: 38 | X5: 0.15 | Y5: 3
A6: 201 | B6: 10 | D6: 70 | X6: 0.15 | Y6: 4
A7: 201 | B7: 1900 | E7: 8 | X7: 0.15 | Y7: 1
A8: 201 | B8: 400 | E8: =ROUND(D3*1.05,0) -> 12 | X8: 0.15 | Y8: 1
A9: 201 | B9: 150 | E9: =ROUND(D4*1.05,0) -> 21 | X9: 0.15 | Y9: 2
A10: 201 | B10: 40 | E10: =ROUND(D5*1.05,0) -> 40 | X10: 0.15 | Y10: 3
A11: 201 | B11: 10 | E11: =ROUND(D6*1.05,0) -> 74 | X11: 0.15 | Y11: 4
A12: 201 | B12: 1900 | H12: 50 | X12: 0.15 | Y12: 1
A13: 201 | B13: 400 | H13: 75 | X13: 0.15 | Y13: 1
A14: 201 | B14: 150 | H14: 135 | X14: 0.15 | Y14: 2
A15: 201 | B15: 40 | H15: 260 | X15: 0.15 | Y15: 3
A16: 201 | B16: 10 | H16: 450 | X16: 0.15 | Y16: 4
A17: 201 | B17: 1900 | O17: 0.02 | X17: 0.15 | Y17: 1
A18: 201 | B18: 400 | O18: 0.04 | X18: 0.15 | Y18: 1
A19: 201 | B19: 150 | O19: 0.08 | X19: 0.15 | Y19: 2
A20: 201 | B20: 40 | O20: 0.15 | X20: 0.15 | Y20: 3
A21: 201 | B21: 10 | O21: 0.25 | X21: 0.15 | Y21: 4
A22: 202 | B22: 2500 | X22: 0.13 | Y22: 1
A23: 202 | B23: =B2/2 -> 950 | D23: 6 | X23: 0.13 | Y23: 1
A24: 202 | B24: =B3/2 -> 200 | D24: 11 | X24: 0.13 | Y24: 1
A25: 202 | B25: =B4/2 -> 75 | D25: 20 | X25: 0.13 | Y25: 2
A26: 202 | B26: =B5/2 -> 20 | D26: 38 | X26: 0.13 | Y26: 3
A27: 202 | B27: =B6/2 -> 5 | D27: 70 | X27: 0.13 | Y27: 4
A28: 202 | B28: =B7/2 -> 950 | E28: 8 | X28: 0.13 | Y28: 1
A29: 202 | B29: =B8/2 -> 200 | E29: 12 | X29: 0.13 | Y29: 1
A30: 202 | B30: =B9/2 -> 75 | E30: 21 | X30: 0.13 | Y30: 2
A31: 202 | B31: =B10/2 -> 20 | E31: 40 | X31: 0.13 | Y31: 3
A32: 202 | B32: =B11/2 -> 5 | E32: 74 | X32: 0.13 | Y32: 4
A33: 202 | B33: =B12/2 -> 950 | H33: 50 | X33: 0.13 | Y33: 1
A34: 202 | B34: =B13/2 -> 200 | H34: 75 | X34: 0.13 | Y34: 1
A35: 202 | B35: =B14/2 -> 75 | H35: 135 | X35: 0.13 | Y35: 2
A36: 202 | B36: =B15/2 -> 20 | H36: 260 | X36: 0.13 | Y36: 3
A37: 202 | B37: =B16/2 -> 5 | H37: 450 | X37: 0.13 | Y37: 4
A38: 202 | B38: =B17/2 -> 950 | O38: 0.02 | X38: 0.13 | Y38: 1
A39: 202 | B39: =B18/2 -> 200 | O39: 0.04 | X39: 0.13 | Y39: 1
A40: 202 | B40: =B19/2 -> 75 | O40: 0.08 | X40: 0.13 | Y40: 2
A41: 202 | B41: =B20/2 -> 20 | O41: 0.15 | X41: 0.13 | Y41: 3
A42: 202 | B42: =B21/2 -> 5 | O42: 0.25 | X42: 0.13 | Y42: 4
A43: 202 | B43: 1900 | J43: 0.01 | X43: 0.13 | Y43: 1
A44: 202 | B44: 400 | J44: 0.02 | X44: 0.13 | Y44: 1
A45: 202 | B45: 150 | J45: 0.04 | X45: 0.13 | Y45: 2
A46: 202 | B46: 40 | J46: 0.09 | X46: 0.13 | Y46: 3
A47: 202 | B47: 10 | J47: 0.15 | X47: 0.13 | Y47: 4
A48: 203 | B48: 5350 | X48: 0.11 | Y48: 1
A49: 203 | B49: 550 | D49: 6 | X49: 0.11 | Y49: 1
A50: 203 | B50: =B29/2 -> 100 | D50: 11 | X50: 0.11 | Y50: 1
A51: 203 | B51: 35 | D51: 20 | X51: 0.11 | Y51: 2
A52: 203 | B52: =B31/2 -> 10 | D52: 38 | X52: 0.11 | Y52: 3
A53: 203 | B53: 5 | D53: 70 | X53: 0.11 | Y53: 4
A54: 203 | B54: 550 | E54: 8 | X54: 0.11 | Y54: 1
A55: 203 | B55: =B34/2 -> 100 | E55: 12 | X55: 0.11 | Y55: 1
A56: 203 | B56: 35 | E56: 21 | X56: 0.11 | Y56: 2
A57: 203 | B57: =B36/2 -> 10 | E57: 40 | X57: 0.11 | Y57: 3
A58: 203 | B58: 5 | E58: 74 | X58: 0.11 | Y58: 4
A59: 203 | B59: 550 | H59: 50 | X59: 0.11 | Y59: 1
A60: 203 | B60: =B39/2 -> 100 | H60: 75 | X60: 0.11 | Y60: 1
A61: 203 | B61: 35 | H61: 135 | X61: 0.11 | Y61: 2
A62: 203 | B62: 10 | H62: 260 | X62: 0.11 | Y62: 3
A63: 203 | B63: 5 | H63: 450 | X63: 0.11 | Y63: 4
A64: 203 | B64: 550 | O64: 0.02 | X64: 0.11 | Y64: 1
A65: 203 | B65: =B44/2 -> 200 | O65: 0.04 | X65: 0.11 | Y65: 1
A66: 203 | B66: 35 | O66: 0.08 | X66: 0.11 | Y66: 2
A67: 203 | B67: 10 | O67: 0.15 | X67: 0.11 | Y67: 3
A68: 203 | B68: 5 | O68: 0.25 | X68: 0.11 | Y68: 4
A69: 203 | B69: 550 | J69: 0.01 | X69: 0.11 | Y69: 1
A70: 203 | B70: =B49/2 -> 275 | J70: 0.02 | X70: 0.11 | Y70: 1
A71: 203 | B71: 35 | J71: 0.04 | X71: 0.11 | Y71: 2
A72: 203 | B72: 10 | J72: 0.09 | X72: 0.11 | Y72: 3
A73: 203 | B73: 5 | J73: 0.15 | X73: 0.11 | Y73: 4
A74: 203 | B74: 550 | T74: 0.02 | X74: 0.11 | Y74: 1
A75: 203 | B75: =B54/2 -> 275 | T75: 0.04 | X75: 0.11 | Y75: 1
A76: 203 | B76: 35 | T76: 0.08 | X76: 0.11 | Y76: 2
A77: 203 | B77: 10 | T77: 0.15 | X77: 0.11 | Y77: 3
A78: 203 | B78: 5 | T78: 0.25 | X78: 0.11 | Y78: 4
A79: 204 | B79: 4050 | X79: 0.08 | Y79: 1
A80: 204 | B80: 650 | D80: 6 | X80: 0.08 | Y80: 1
A81: 204 | B81: 150 | D81: 11 | X81: 0.08 | Y81: 1
A82: 204 | B82: 35 | D82: 20 | X82: 0.08 | Y82: 2
A83: 204 | B83: 10 | D83: 38 | X83: 0.08 | Y83: 3
A84: 204 | B84: 5 | D84: 70 | X84: 0.08 | Y84: 4
A85: 204 | B85: 650 | E85: 8 | X85: 0.08 | Y85: 1
A86: 204 | B86: 150 | E86: 12 | X86: 0.08 | Y86: 1
A87: 204 | B87: 35 | E87: 21 | X87: 0.08 | Y87: 2
A88: 204 | B88: 10 | E88: 40 | X88: 0.08 | Y88: 3
A89: 204 | B89: 5 | E89: 74 | X89: 0.08 | Y89: 4
A90: 204 | B90: 650 | H90: 50 | X90: 0.08 | Y90: 1
A91: 204 | B91: 150 | H91: 75 | X91: 0.08 | Y91: 1
A92: 204 | B92: 35 | H92: 135 | X92: 0.08 | Y92: 2
A93: 204 | B93: 10 | H93: 260 | X93: 0.08 | Y93: 3
A94: 204 | B94: 5 | H94: 450 | X94: 0.08 | Y94: 4
A95: 204 | B95: 650 | O95: 0.02 | X95: 0.08 | Y95: 1
A96: 204 | B96: 150 | O96: 0.04 | X96: 0.08 | Y96: 1
A97: 204 | B97: 35 | O97: 0.08 | X97: 0.08 | Y97: 2
A98: 204 | B98: 10 | O98: 0.15 | X98: 0.08 | Y98: 3
A99: 204 | B99: 5 | O99: 0.25 | X99: 0.08 | Y99: 4
A100: 204 | B100: 650 | J100: 0.01 | X100: 0.08 | Y100: 1
...

Sheet start_gift
A1: id | B1: id_amount
A2: 1000 | B2: 9999
A3: 1001 | B3: 3000
A4: 8001 | B4: 9999
A5: 8002 | B5: 9999
A6: 8003 | B6: 9999
A7: 2000 | B7: 9999
A8: 2001 | B8: 9999
A9: 2002 | B9: 9999
A10: 2005 | B10: 100
A11: 2006 | B11: 100

Sheet item
A1: id | B1: 名稱 | C1: usage
A2: 8000 | B2: 職業經驗 | C2: 9999
A3: 8001 | B3: 武器經驗 | C3: 9999
A4: 8002 | B4: 天賦點數 | C4: 9999
A5: 8003 | B5: 魔物經驗 | C5: 9999
A6: 8003 | B6: 屬性點數 | C6: 9999
A7: 1000 | B7: 金幣 | C7: 99
A8: 1001 | B8: 鑽石 | C8: 99
A9: 2000 | B9: 寶石強化石 | C9: 1
A10: 2001 | B10: 裝備強化石 | C10: 1
A11: 2002 | B11: 裝備洗鍊石 | C11: 1
A12: 2003 | B12: 彩石強化石 | C12: 1
A13: 2004 | B13: 暴晶強化石 | C13: 1
... A19: 9000 | B19: 魔石碎片 | C19: 100
A20: =card!A3-900 -> 9101 | B20: 火之迦具土神劍碎片 | C20: 100
A21: =card!A4-900 -> 9102 | B21: 童子切安綱碎片 | C21: 100
A22: =card!A5-900 -> 9103 | B22: 村雨碎片 | C22: 100
A23: =card!A6-900 -> 9104 | B23: 隆基努斯之槍碎片 | C23: 100
A24: =card!A7-900 -> 9105 | B24: 村正碎片 | C24: 100
A25: =card!A8-900 -> 9106 | B25: 天叢雲劍碎片 | C25: 100
A26: =card!A9-900 -> 9107 | B26: 干將莫邪碎片 | C26: 100
A27: =card!A10-900 -> 9108 | B27: 埃斯卡利巴碎片 | C27: 100
A28: =card!A11-900 -> 9109 | B28: 布都御魂碎片 | C28: 100
A29: =card!A12-900 -> 9110 | B29: 提爾鋒碎片 | C29: 100
A30: =card!A13-900 -> 9111 | B30: 真十字架碎片 | C30: 100
A31: =card!A14-900 -> 9112 | B31: 阿斯卡隆碎片 | C31: 100
... A50: =card!A33-900 -> 9131 | B50: 戰鬥者長劍碎片 | C50: 100

Sheet idlezone
A1: mapid | B1: random_play | C1: level | D1: idlereward1_id | E1: idlereward1_amount | F1: idlereward1_rate | G1: idlereward2_id | H1: idlereward2_amount | I1: idlereward2_rate | J1: idlereward3_id | K1: idlereward3_amount | L1: idlereward3_rate | M1: idlereward4_id | N1: idlereward4_amount | O1: idlereward4_rate | P1: idlereward5_id | Q1: idlereward5_amount | R1: idlereward5_rate | S1: idlereward6_id | T1: idlereward6_amount | U1: idlereward6_rate | V1: idlereward7_id | W1: idlereward7_amount | X1: idlereward7_rate | Y1: idlereward8_id | Z1: idlereward8_amount | AA1: idlereward8_rate
A2: 1000 | B2: 40001,40002 | C2: 1 | D2: 70001,70002,70003,70004,70005,70006,70007,70011,70012,70013,70014,70015,70016,70017,70021,70022,70023,70024,70025,70026,70027,70031,70032,70033,70034,70035,70036,70037,70041,70042,70043,70044,70045,70046,70047,70051,70052,70053,70054,70055,70056,70057,70061,70062,70063,70064,70065,70066,70067,70071,70072,70073,70074,70075,70076,70077,80001,81001,82001,83001,84001,85001,88000,88001,88002,88003,88004,88005,88006,88007,88008,88009,88010,88011,88012,88013,88014,88015,88016,88017,88018,88019,88020,88021,88022,88023,88024,88025,88026,88027,88028,88029,88030,88031,88040 | E2: 1 | F2: 0.05 | G2: 8001 | H2: 40 | I2: 1 | J2: 8000 | K2: 60 | L2: 1 | M2: 2007 | N2: 1 | O2: 0.25 | P2: 9000 | Q2: 10 | R2: 1 | S2: 2001,2002 | T2: 2 | U2: 0.5 | V2: 1000 | W2: 625 | X2: 1 | Y2: 2006 | Z2: 1 | AA2: 0.03
A3: 1001 | B3: 40005,40002 | C3: 1 | D3: 70001,70002,70003,70004,70005,70006,70007,70011,70012,70013,70014,70015,70016,70017,70021,70022,70023,70024,70025,70026,70027,70031,70032,70033,70034,70035,70036,70037,70041,70042,70043,70044,70045,70046,70047,70051,70052,70053,70054,70055,70056,70057,70061,70062,70063,70064,70065,70066,70067,70071,70072,70073,70074,70075,70076,70077,80001,81001,82001,83001,84001,85001,88000,88001,88002,88003,88004,88005,88006,88007,88008,88009,88010,88011,88012,88013,88014,88015,88016,88017,88018,88019,88020,88021,88022,88023,88024,88025,88026,88027,88028,88029,88030,88031,88040 | E3: 1 | F3: 0.05 | G3: 8001 | H3: 40 | I3: 1 | J3: 8000 | K3: 60 | L3: 1 | M3: 2007 | N3: 1 | O3: 0.25 | P3: 9000 | Q3: 10 | R3: 1 | S3: 2001,2002 | T3: 2 | U3: 0.5 | V3: 1000 | W3: 625 | X3: 1 | Y3: 2006 | Z3: 1 | AA3: 0.03
A4: 1002 | B4: 40005 | C4: 2 | D4: 70001,70002,70003,70004,70005,70006,70007,70011,70012,70013,70014,70015,70016,70017,70021,70022,70023,70024,70025,70026,70027,70031,70032,70033,70034,70035,70036,70037,70041,70042,70043,70044,70045,70046,70047,70051,70052,70053,70054,70055,70056,70057,70061,70062,70063,70064,70065,70066,70067,70071,70072,70073,70074,70075,70076,70077,80001,81001,82001,83001,84001,85001,88000,88001,88002,88003,88004,88005,88006,88007,88008,88009,88010,88011,88012,88013,88014,88015,88016,88017,88018,88019,88020,88021,88022,88023,88024,88025,88026,88027,88028,88029,88030,88031,88040 | E4: 1 | F4: 0.05 | G4: 8001 | H4: 40 | I4: 1 | J4: 8000 | K4: 60 | L4: 1 | M4: 2007 | N4: 1 | O4: 0.25 | P4: 9000 | Q4: 10 | R4: 1 | S4: 2001,2002 | T4: 2 | U4: 0.5 | V4: 1000 | W4: 625 | X4: 1 | Y4: 2006 | Z4: 1 | AA4: 0.03
A5: 1003 | B5: 40005,40004 | C5: 2 | D5: 70001,70002,70003,70004,70005,70006,70007,70011,70012,70013,70014,70015,70016,70017,70021,70022,70023,70024,70025,70026,70027,70031,70032,70033,70034,70035,70036,70037,70041,70042,70043,70044,70045,70046,70047,70051,70052,70053,70054,70055,70056,70057,70061,70062,70063,70064,70065,70066,70067,70071,70072,70073,70074,70075,70076,70077,80001,81001,82001,83001,84001,85001,88000,88001,88002,88003,88004,88005,88006,88007,88008,88009,88010,88011,88012,88013,88014,88015,88016,88017,88018,88019,88020,88021,88022,88023,88024,88025,88026,88027,88028,88029,88030,88031,88040 | E5: 1 | F5: 0.05 | G5: 8001 | H5: 40 | I5: 1 | J5: 8000 | K5: 60 | L5: 1 | M5: 2007 | N5: 1 | O5: 0.25 | P5: 9000 | Q5: 10 | R5: 1 | S5: 2001,2002 | T5: 2 | U5: 0.5 | V5: 1000 | W5: 625 | X5: 1 | Y5: 2006 | Z5: 1 | AA5: 0.03
A6: 1004 | B6: 40001,40004,40005 | C6: 3 | D6: 70001,70002,70003,70004,70005,70006,70007,70011,70012,70013,70014,70015,70016,70017,70021,70022,70023,70024,70025,70026,70027,70031,70032,70033,70034,70035,70036,70037,70041,70042,70043,70044,70045,70046,70047,70051,70052,70053,70054,70055,70056,70057,70061,70062,70063,70064,70065,70066,70067,70071,70072,70073,70074,70075,70076,70077,80001,81001,82001,83001,84001,85001,88000,88001,88002,88003,88004,88005,88006,88007,88008,88009,88010,88011,88012,88013,88014,88015,88016,88017,88018,88019,88020,88021,88022,88023,88024,88025,88026,88027,88028,88029,88030,88031,88040 | E6: 1 | F6: 0.05 | G6: 8001 | H6: 40 | I6: 1 | J6: 8000 | K6: 60 | L6: 1 | M6: 2007 | N6: 1 | O6: 0.25 | P6: 9000 | Q6: 10 | R6: 1 | S6: 2001,2002 | T6: 2 | U6: 0.5 | V6: 1000 | W6: 625 | X6: 1 | Y6: 2006 | Z6: 1 | AA6: 0.03
